ID,nanobody_chain,seq_nanobody,antigen_chain,seq_antigen,affinity
6fe4,F,QVQLQESGGGLVQPGGSLRLSCAASGFTFSSYYMSWVRQAPGKGPEWVSGINTGGVGTRYADSVKGRFTISRDNAKNTLYLQMNSLKPEDTALYYCAIGEGGNRNYWGQGTQVTVSS,A,ADCAKGKIEFSKYNEDDTFTVKVDGKEYWTSRWNLQPLLQSAQLTGMTVTIKSSTCESGSGFAEVQFNNDLE,9.6e-09
6h7o,D,QVQLQESGGGLVQAGGSLRLSCAASGSIFALNIMGWYRQAPGKQRELVAAIHSGGTTNYANSVKGRFTISRDNAANTVYLQMNSLKPEDTAVYYCNVKDFGAIIYDYDYWGQGTQVTVSS,B,AAAKVMSLLMALVVLLIVAGNVLVIAAIGSTQRLQTLTNLFITSLACADLVVGLLVVPFGATLVVRGTWLWGSFLCELWTSLDVLCVTASIETLCVIAIDRYLAITSPFRYQSLMTRARAKVIICTVWAISALVSFLPIMMHWWRDEDPQALKCYQDPGCCDFVTNRAYAIASSIISFYIPLLIMIFVYLRVYREAKEQIRKIDRASKRKTSRVMAMKEHKALKTLGIIMGVFTLCWLPFFLVNIVNVFNRDLVPDWLFVAFNWLGYANSAMNPIIYCRSPDFRKAFKRLLAFPRKADRRLHHHHHH,1.4e-10
5toj,E,QVQLQESGGGLVQPGGSLRLSCAASGFTLDYYYIGWFRQAPGKEREAVSCISGSSGSTYYPDSVKGRFTISRDNAKNTVYLQMNSLKPEDTAVYYCATIRSSSWGGCVHYGMDYWGKGTQVTVSS,B,MELLILKANAITTILTAVTFCFASGQNITEEFYQSTCSAVSKGYLSALRTGWYTSVITIELSNIKENKCNGTDAKVKLIKQELDKYKNAVTELQLLMQSTPATNNRARRELPRFMNYTLNNAKKTNVTLSKKRKRRFLGFLLGVGSAIASGVAVCKVLHLEGEVNKIKSALLSTNKAVVSLSNGVSVLTFKVLDLKNYIDKQLLPILNKQSCSISNIETVIEFQQKNNRLLEITREFSVNAGVTTPVSTYMLTNSELLSLINDMPITNDQKKLMSNNVQIVRQQSYSIMCIIKEEVLAYVVQLPLYGVIDTPCWKLHTSPLCTTNTKEGSNICLTRTDRGWYCDNAGSVSFFPQAETCKVQSNRVFCDTMNSLTLPSEVNLCNVDIFNPKYDCKIMTSKTDVSSSVITSLGAIVSCYGKTKCTASNKNRGIIKTFSNGCDYVSNKGVDTVSVGNTLYYVNKQEGKSLYVKGEPIINFYDPLVFPSDEFDASISQVNEKINQSLAFIRKSDELLSAIGGYIPEAPRDGQAYVRKDGEWVLLSTFLGGLVPR,2.3e-08
5y7z,C,QVQLQESGGGLVQPGGSLRLSCSASGFKFNDSYMSWVRRVPGKGLEWVAGIWEDSSAAHYRDSVKGRFTISRDNAKNMLYLQMSSLKSDDTGLYYCVRRGYSGDYRPINNPSSQGTQVTVSS,A,GSQSDFVGQTVELGELRLRVRRVLAEGGFAFVYEAQDVGSGREYALKRLLSNEEEKNRAIIQEVCFMKKLSGHPNIVQFCSAASIGKEESDTGQAEFLLLTELCKGQLVEFLKKMESRGPLSCDTVLKIFYQTCRAVQHMHRQKPPIIHRDLKVENLLLSNQGTIKLCDFGSATTISHYPDYSWSAQRRALVEEEITRNTTPMYRTPEIIDLYSNFPIGEKQDIWALGCILYLLCFRQHPFEDGAKLRIVNGKYSIPPHDTQYTVFHSLIRAMLQVNPEERLSIAEVVHQLQEIAAARNVNPKSPITELLEQN,1.54e-08
1g6v,K,QVQLVESGGGSVQAGGSLRLSCAASGYTVSTYCMGWFRQAPGKEREGVATILGGSTYYGDSVKGRFTISQDNAKNTVYLQMNSLKPEDTAIYYCAGSTVASTGWCSRLRPYDYHYRGQGTQVTVSS,A,MSHHWGYGKHNGPEHWHKDFPIAKGERQSPVDIDTHTAKYDPSLKPLSVSYDQATSLRILNNGHAFNVEFDDSQDKAVLKGGPLDGTYRLIQFHFHWGSLDGQGSEHTVDKKKYAAELHLVHWNTKYGDFGKAVQQPDGLAVLGIFLKVGSAKPGLQKVVDVLDSIKTKGKSADFTNFDPRGLLPESLDYWTYPGSLTTPPLLECVTWIVLKEPISVSSEQVLKFRKLNFNGEGEPEELMVDNWRPAQPLKNRQIKASFK,7.2e-08
5nqw,D,EVQLLESGGGLVQPGGSLRLSCAASGFTFGNYDMAWVRQAPGKRPEWVSSIDTGGDITHYADSVKGRFTISRDNAKNTLYLQMNSLRPEDTAVYWCATDEEYALGPNEFDYYGQGTLVTVSS,A,RGVSAYLSRPSPFDLFIRKSPTITCLVVDLAPSKGTVNLTWSRASGKPVNHSTRKEEKQRNGTLTVTSTLPVGTRDWIEGETYQCRVTHPHLPRALMRSTTKTSGPRAAPEVYAFATPEWPGSRDKRTLACLIQNFMPEDISVQWLHNEVQLPDARHSTTQPRKTKGSGFFVFSRLEVTRAEWEQKDEFICRAVHEAASPSQTVQRAVSVNP,1.4e-09
2p42,D,QVQLVESGGGLVQAGGSLRLSCAASGYAYTYIYGWFRQAPGKEREGVAADSGGGGTLYADSVKGRFTISRDKGKNTVYLQDSLKPEDTATYYCAAGGYELRDRTYGQWGQGTQVTVSS,C,KETAAAKFERQHMDSSTSAASSSNYCNQMMKSRNLTKDRCKPVNTFVHESLADVQAVCSQKNVACKNGQTNCYQSYSTMSITDCRETGSSKYPNCAYKTTQANKHIIVACEGNPYVPVHFDASV,2.3e-08
5m2m,J,QLQESGGGLVQPGGSLRLSCAASGRTFSDHSGYTYTIGWFRQAPGKEREFVARIYWSSGNTYYADSVKGRFAISRDIAKNTVDLTMNNLEPEDTAVYYCAARDGIPTSRSVESYNYWGQGTQVTVSS,I,VRSSSRTPSDKPVAHVVANPQAEGQLQWLNRRANALLANGVELRDNQLVVPSEGLYLIYSQVLFKGQGCPSTHVLLTHTISRIAVSYQTKVNLLSAIKSPCQRETPEGAEAKPWYEPIYLGGVFQLEKGDRLSAEINRPDYLDFAESGQVYFGIIAL,1.5e-09
2x89,A,QVQLQESGGGSVQAGGSLRLSCAASGYTDSRYCMAWFRQAPGKEREWVARINSGRDITYYADSVKGRFTFSQDNAKNTVYLQMDSLEPEDTATYYCATDIPLRCRDIVAKGGDGFRYWGQGTQVTVSS,D,MIQVYSRHPAENGKSNFLNCYVSGFHPSDIEVDLLKNGERIEKVEHSDLSFSKDWSFYLLYYTEFTPTEKDEYACRVNHVTLSQPKIVKWDRDM,4.4e-08
4kro,B,QVQLQESLSCAASGRTFSSYAMGWFRQAPGKQREFVAAIRWSGGYTYYTDSVKGRFTISRDNAKTTVYLQMNSLKPEDTAVYYCAATYLSSDYSRYALPQRPLDYDYWGQGTQVTVSS,A,LEEKKVCQGTSNKLTQLGTFEDHFLSLQRMFNNCEVVLGNLEITYVQRNYDLSFLKTIQEVAGYVLIALNTVERIPLENLQIIRGNMYYENSYALAVLSNYDANKTGLKELPMRNLQEILHGAVRFSNNPALCNVESIQWRDIVSSDFLSNMSMDFQNHLGSCQKCDPSCPNGSCWGAGEENCQKLTKIICAQQCSGRCRGKSPSDCCHNQCAAGCTGPRESDCLVCRKFRDEATCKDTCPPLMLYNPTTYQMDVNPEGKYSFGATCVKKCPRNYVVTDHGSCVRACGADSYEMEEDGVRKCKKCEGPCRKVCNGIGIGEFKDSLSINATNIKHFKNCTSISGDLHILPVAFRGDSFTHTPPLDPQELDILKTVKEITGFLLIQAWPENRTDLHAFENLEIIRGRTKQHGQFSLAVVSLNITSLGLRSLKEISDGDVIISGNKNLCYANTINWKKLFGTSGQKTKIISNRGENSCKATGQVCHALCSPEGCWGPEPRDCVSCRNVSRGRECVDKCNLLEGEPREFVENSECIQCHPECLPQAMNITCTGRGPDNCIQCAHYIDGPHCVKTCPAGVMGENNTLVWKYADAGHVCHLCHPNCTYGCTGPGLEGCPTNGPKHHHHHH,2.76e-07
5ip4,A,QVQLQESGGGLVQAGGSLRLSCTASVNIIGGNHWAWYRQAPGQQRDLVASLSRYNANYADSVKGRFTISRDNAKNAAYLQMNSLKPEDTAIYFCALENYYWGQGTQVTVSS,E,ARENKDFVRPKLVTIIRSGVKPRKAVRVLLNKKTAHSFEQVLTDITEAIKLETGVVKKLYTLDGKQVTCLHDFFGDDDVFIACGPEKFRYA,4.51e-07
1kxq,G,QVQLVESGGGSVQAGGSLSLSCAASTYTDTVGWFRQAPGKEREGVAAIYRRTGYTYSADSVKGRFTLSQDNNKNTVYLQMNSLKPEDTGIYYCATGNSVRLASWEGYFYWGQGTQVTVSS,B,QYAPQTQSGRTSIVHLFEWRWVDIALECERYLGPKGFGGVQVSPPNENIVVTNPSRPWWERYQPVSYKLCTRSGNENEFRDMVTRCNNVGVRIYVDAVINHMCGSGAAAGTGTTCGSYCNPGSREFPAVPYSAWDFNDGKCKTASGGIESYNDPYQVRDCQLVGLLDLALEKDYVRSMIADYLNKLIDIGVAGFRIDASKHMWPGDIKAVLDKLHNLNTNWFPAGSRPFIFQEVIDLGGEAIKSSEYFGNGRVTEFKYGAKLGTVVRKWSGEKMSYLKNWGEGWGFMPSDRALVFVDNHDNQRGHGAGGSSILTFWDARLYKIAVGFMLAHPYGFTRVMSSYRWARNFVNGEDVNDWIGPPNNNGVIKEVTINADTTCGNDWVCEHRWREIRNMVWFRNVVDGQPFANWWDNGSNQVAFGRGNRGFIVFNNDDWQLSSTLQTGLPGGTYCDVISGDKVGNSCTGIKVYVSSDGTAQFSISNSAEDPFIAIHAESKL,3.5e-09
4x7f,C,DVQLVESGGGLVQPGGSLRLSCAASESILSFNHMAWYRQGPGEQRELVAVITREGSTDYADSVKGRFTISRDNAKNMVYLLMSNLRPEDTAVYYCNRGISNPWGQGTQVTVSS,A,SKPFTLPILTLGELTNSRFPLPIDVLYTNPNESAIVQCQNGRCTLDGELQGTTQLLPTGICAFRGKVTQQVQDEHRGTHWNMTVTNLNGTPFDPTEDVPAPLGTPDFSGQIYGVISQRNTNTVPGEGNLPANRAHEAVIATYSPKFTPKLGNIQFSTWETQDVSSGQPTKFTPVGLASVDANSHFDQWTLPSYSGALTLNMNLAPSVAPVFPGECLLFFRSFIPLKGGYGNPAIDCLMPQEWVQHLYQESAPSLSDVALVRYVNPETGRTLFEAKLHRNGFLTVARNSAGPVVAPTNGYFRFDSWVNQFYTLAPM,2.8e-08
3ogo,G,QVQLVESGGALVQPGGSLRLSCAASGFPVNRYSMRWYRQAPGKEREWVAGMSSAGDRSSYEDSVKGRFTISRDDARNTVYLQMNSLKPEDTAVYYCNVNVGFEYWGQGTQVTVSS,B,MAHHHHHHSSGVSKGEELFTGVVPILVELDGDVNGHKFSVSGEGEGDATYGKLTLKFICTTGKLPVPWPTLVTTLGYGVQCFSRYPDHMKQHDFFKSAMPEGYVQERTIFFKDDGNYKTRAEVKFEGDTLVNRIELKGIDFKEDGNILGHKLEYNYNSHNVYIMADKQKNGIKVNFKIRHNIEDGSVQLADHYQQNTPIGDGPVLLPDNHYLSTQSALSKDPNEKRDHMVLLEFVTAAGITLGMDELYK,1.4e-09
5o2u,D,DVQLQESGGGLVQAGGSLRLSCAASGSISRFNAMGWWRQAPGKEREFVARIVKGFDPVLADSVKGRFTISIDSAENTLALQMNRLKPEDTAVYYCFAALDTAYWGQGTQVTVSS,C,MGARASVLSGGELDKWEKIRLRPGGKKQYKLKHIVWASRELERFAVNPGLLETSEGCRQILGQLQPSLQTGSEELRSLYNTIAVLYCVHQRIDVKDTKEALDKIEEEQNKSKKKAQQAAADTGNNSQVSQNYPIVQNLQGQMVHQAISPRTLNAWVKVVEEKAFSPEVIPMFSALSEGATPQDLNTMLNTVGGHQAAMQMLKETINEEAAEWDRLHPVHAGPIAPGQMREPRGSDIAGTTSTLQEQIGWMTHNPPIPVGEIYKRWIILGLNKIVRMYSPTSILDIRQGPKEPFRDYVDRFYKTLRAEQASQEVKNWMTETLLVQNANPDCKTILKALGPGATLEEMMTACQGVGGPGHKARVLAEAMSQVTNPATIMIQKGNFRNQRKTVKCFNCGKEGHIAKNCRAPRKKGCWKCGKEGHQMKDCTERQANFLGKIWPSHKGRPGNFLQSRPEPTAPPEESFRFGEETTTPSQKQEPIDKELYPLASLRSLFGSDPSSQ,6.9e-10
5boz,K,QVQLVESGGGLVQAGGSLRLSCAASGRTFSRSSMGWFRQAPGKEREFVASIVWADGTTLYGDSVKGRFTVSRDNNMVYLQMNNLKPEDTALYYCADNKFVRGLVAVRAIDYDYWGQGTQVTVS,E,KQYPIINFTTAGATVQSYTNFIRAVRGRLTTGADVRHEIPVLPNRVGLPINQRFILVELSNHAELSVTLALDVTNAYVVGYRAGNSAYFFHPDNQEDAEAITHLFTDVQNRYTFAFGGNYDRLEQLAGNLRENIELGNGPLEEAISALYYYSTGGTQLPTLARSFIICIQMISEAARFQYIEGEMRTRIRYNRRSAPDPSVITLENSWGRLSTAIQESNQGAFASPIQLQRRNGSKFSVYDVSILIPIIALMVYRCAPPPS,7e-10
5n88,A,EVQLLESGGGLVQPGGSLRLSCAASGFTFSTFSMNWVRQAPGKGLEWVSYISRTSKTIYYADSVKGRFTISRDNSKNTLYLQMNSLRAEDTAVYYCARGGWALGDEIPSSFLEFDYWGQGTLVTVS,D,SMDSRLQRIHAEIKNSLKIDNLDVNRCIEALDELASLQVTMQQAQKHTEMITTLKKIRRFKVSQVIMEKSTMLYNKFKN,1.013e-06
5hgg,T,QVQLQESGGGLVQAGGSLRLSCAASGFTLDSYAIGWFRQAPGKEREGVSCISASGGSTNYADSVKGRFTISRDNAKNTVYLQMNSLKSEDTAVYYCAADHPGLCTSESGRRRYLEVWGQGTQVTVSS,A,IIGGEFTTIENQPWFAAIYRRHRGGSVTYVCGGSLISPCWVISATHCFIDYPKKEDYIVYLGRSRLNSNTQGEMKFEVENLILHKDYSADTLAHHNDIALLKIRSKEGRCAQPSRTIQTIALPSMYNDPQFGTSCEITGFGKEQSTDYLYPEQLKMTVVKLISHRECQQPHYYGSEVTTKMLCAADPQWKTDSCQGDSGGPLVCSLQGRMTLTGIVSWGRGCALKDKPGVYTRVSHFLPWIRSHTK,5.4e-11
5e7f,B,QVQLVESGGGSVQAGGSLRLSCTASGFTFDDSDMGWYHQAPGNECELVSAIFSDGSTYYADSVKGRFTISRDNAKNTVYLQMNSLKPEDTAMYYCAAATTTVASPPVRHVCNGYWGQGTQVTVSS,H,DVSVDGDFTMKKFADSYVAFFANKGSGNTVTFTAPWDCTAEVELFYHGWGYSGGEWEIGITTPSGLTQIYEATGYTNGHDNQAISMPTKAIYSGLKKGLQYTFDIRDANGRGGGPKHPMMIVKLYRNA,9.1e-09
5o0w,H,VQLQESGGGLVQPGGSLRLSCAASETALTYYAIGWFRQAPGKEREGVSCISRINSGSGARTDYADSVKGRFTISRDDAKNTVTLQMNSLEPEDTARYYCALDTTDRYDSANGRYYCTISSDTYDYWGQGTQVTVSS,D,SRRVEVLLTQLPAYNRLKTPYEEELIETAKKMTAPGKGLLAADESTGSCSKRFAGIGLSNTAEHRRQYRALMLECAGFEQYISGVILHDETVYQRASTGETFPQLLRRRGVVPGIKTDCGLEPLVEGADGEQMTAGLDGYVKRAKKYYAVGCRFCKWRNVYKIQNGTVSEAVVRFNAETLARYAVLSQLCGLVPIVEPEVMIDGTHDIETCQRVSQHVWAEVVSALHRHGVVWEGCLLKPNMVVPGAESGQTATAEQVAEYTVKTLARVLPPALPGVTFLSGGLSEVMASEYLNAMNNSPLPRPWKLTFSYARALQSSAIKAWGGKSSGVAAGRRAFMHRAKMNSLAQLGRYNRGDDDK,7.383e-11
5fv2,A,EVQLLVSGGGLVQPGGSLRLSCAASGFTFKAYPMMWVRQAPGKGLEWVSEISPSGSYTYYADSVKGRFTISRDNSKNTLYLQMNSLRAEDTAVYYCAKDPRKLDYWGQGTLVTVSS,X,HEVVKFMDVYQRSYCHPIETLVDIFQEYPDEIEYIFKPSCVPLMRCGGCCNDEGLECVPTEESNITMQIMRIKPHQGQHIGEMSFLQHNKCECRPKK,7.17e-12
1zv5,A,VQLVESGGGSVQAGESLRLSCAASGVTYKNYCIGWFRQAPGKDREGVVFINSDGGITYYADSVKGRFTISQDNAKNTVYLQMNSLKPEDTASYYCAAGYRNYGQCATRYWGQGTQVTVS,L,KVFGRCELAAAMKRHGLDNYRGYSLGNWVCAAKFESNFNTQATNRNTDGSTDYGILQINSRWWCNDGRTPGSRNLCNIPCSALLSSDITASVNCAKKIVSDGNGMNAWVAWRNRCKGTDVQAWIRGCRL,1e-08
2p44,B,QVQLVESGGGLVQAGGSLRLSCAASGYAYTYIYGWFRQAPGKEREGVAADSGGGGTLYADSVKGRTISRDKGKNTVYLQDSKPEDTATYYCAAGGYELRDRTYGQWGQGTQVTVSS,A,KETAAAKFERQHMDSSTSNYCNQMMKSRNLTKDRCKPVNTFVHESLADVQAVCSQKNVACKNGQTNCYQSYSTMSITDCRETGSSKYPNCAYKTTQANKHIIVACEGNPYVPVHFDASV,2e-08
5imm,B,QVQLVESGGGLVQAGGSLRLSCAASGRTFSSYGMGWFRQAPGKEREFVAAIRWNGGSTYYADSVKGRFTISRDNAKNTVYLQMNSLKPEDTAVYYCAAGRWDKYGSSFQDEYDYWGQGTQVTVSS,A,HPTLKTPESVTGTWKGDVKIQCIYDPLRGYRQVLVKWLVRHGSDSVTIFLRDSTGDHIQQAKYRGRLKVSHKVPGDVSLQINTLQMDDRNHYTCEVTWQTPDGNQVIRDKIIELRVRKYN,3.5e-09
4z9k,B,VQLVESGGGLVQPGGSLRLSCAASGFTLDDYAIGWFRQVPGKEREGVACVKDGSTYYADSVKGRFTISRDNGAVYLQMNSLKPEDTAVYYCASRPCFLGVPLIDFGSWGQGTQVTV,A,KQYPIINFTTAGATVQSYTNFIRAVRGRLTTGADVRHEIPVLPNRVGLPINQRFILVELSNHAELSVTLALDVTNAYVVGYRAGNSAYFFHPDNQEDAEAITHLFTDVQNRYTFAFGGNYDRLEQLAGNLRENIELGNGPLEEAISALYYYSTGGTQLPTLARSFIICIQMISEAARFQYIEGEMRTRIRYNRRSAPDPSVITLENSWGRLSTAIQESNQGAFASPIQLQRRNGSKFSVYDVSILIPIIALMVYRCAP,2.2e-09
5my6,B,QVQLQESGGGSVQAGGSLKLTCAASGYIFNSCGMGWYRQSPGRERELVSRISGDGDTWHKESVKGRFTISQDNVKKTLYLQMNSLKPEDTAVYFCAVCYNLETYWGQGTQVTVSS,A,QVCTGTDMKLRLPASPETHLDMLRHLYQGCQVVQGNLELTYLPTNASLSFLQDIQEVQGYVLIAHNQVRQVPLQRLRIVRGTQLFEDNYALAVLDNGDPASPGGLRELQLRSLTEILKGGVLIQRNPQLCYQDTILWKDIFHKNNQLALTLIDTNRSRACHPCSPMCKGSRCWGESSEDCQSLTRTVCAGGCARCKGPLPTDCCHEQCAAGCTGPKHSDCLACLHFNHSGICELHCPALVTYNTDTFESMPNPEGRYTFGASCVTACPYNYLSTDVGSCTLVCPLHNQEVTAEDGTQRCEKCPCARVCYGLGMEHLREVRAVTSANIQEFAGCKKIFGSLAFLPESFDGDPASNTAPLQPEQLQVFETLEEITGYLYISAWPDSLPDLSVFQNLQVIRGRILHNGAYSLTLQGLGISWLGLRSLRELGSGLALIHHNTHLCFVHTVPWDQLFRNPHQALLHTANRPEDECVGEGLACHQLCARGHCWGPGPTQCVNCSQFLRGQECVEECRVLQGLPREYVNARHCLPCHPECQPQNGSVTCFGPEADQCVACFCV,3.99e-09
4pgj,A,EVQLLESGGGLVQPGGSLRLSCAASGFRFDAEDMGWVRQAPGKGLEWVSSIYGPSGSTYYADSVKGRFTISRDNSKNTLYLQMNSLRAEDTAVYYCAKYTSPPQNHGFDYWGQGTLVTVSS,B,KVFGRCELAAAMKRHGLDNYRGYSLGNWVCAAKFESNFNTQATNRNTDGSTDYGILQINSRWWCNDGRTPGSRNLCNIPCSALLSSDITASVNCAKKIVSDGNGMNAWVAWRNRCKGTDVQAWIRGCRL,2.6e-08
2vyr,E,EVQLLESGGGLVQPGGSLRLSCAASGFTFEEYAMLWVRQAPGKGLEWVSGINARGYTTYYADSVKGRFTISRDNSKNTLYLQMNSLRTEDTAVYYCAKPWYPFMASKGSEFDYWGQGTLVTVSS,A,NQVRPKLPLLKILHAAGAQGEMFTVKEVMHYLGQYIMVKQLYDQQEQHMVYCGGDLLGELLGRQSFSVKDPSPLYDMLRKNLVTL,4.4e-08
5dmj,G,EVQLLESGGGLVQPGGSLRLSCAASGFTFRDYEMWWVRQAPGKGLERVSAINPQGTRTYYADSVMGRFTISRDNSKNTLYLQMNSLRAEDTAVYYCAKLPFTFDDWGQGTLVTVSS,F,CREKQYLINSQCCSLCQPGQKLVSDCTEFTETECLPCGESEFLDTWNRETHCHQHKYCDPNLGLRVQQKGTSETDTICTCEEGWHCTSEACESCVLHRSCSPGFGVKQIATGVSDTICEPCPVGFFSDVSSAFEKCHPWTSCETKDLVVQQAGTDKTDVVCGP,5.3e-09
3p9w,B,EVQLVESGGGLVQPGGSLRLSCAASGFNIKDTYIGWVRRAPGKGEELVARIYPTNGYTRYADSVKGRFTISADTSKNTAYLQMNSLRAEDTAVYYCYYHYYGWHPGYGLSYSSGQGTLVTVSS,A,HEVVKFMDVYQRSYCHPIETLVDIFQEYPDEIEYIFKPSCVPLMRCGGCCNDEGLECVPTEESNITMQIMRIKPHQGQHIGEMSFLQHNKCECRPK,1.6e-08
5j57,B,VQLAETGGGLVEPGGSLRLSCAAPEFRLQYYTAGWFRQAEREWVACISAGGGVTYYTGSVQGRFTISRDNAKRTVYLQMDSLKPEDTAVYSCAADLEYSQIMPSCRGSYGVRGQGTQVTVSSAH,A,KQYPIINFTTAGATVQSYTNFIRAVRGRLTTGADVRHEIPVLPNRVGLPINQRFILVELSNHAELSVTLALDVTNAYVVGYRAGNSAYFFHPDNQEDAEAITHLFTDVQNRYTFAFGGNYDRLEQLAGNLRENIELGNGPLEEAISALYYYSTGGTQLPTLARSFIICIQMISEAARFQYIEGEMRTRIRYNRRSAPDPSVITLENSWGRLSTAIQESNQGAFASPIQLQRRNGSKFSVYDVSILIPIIALMVYRCAPPPSSQF,2e-11
4x7d,C,DVQLVESGGGLVQPGGSLRLSCAASGSIFSIYAMGWYRQAPGKQRELVASISSGGGTNYADSVKGRFTISGDNAKNTVYLQMNSLKPEDTAVYYCKREDYSAYAPPSGSRGRGTQVTVSS,B,SKPFSVPVLTVEEMTNSRFPIPLEKLFTGPSSAFVVQPQNGRCTTDGVLLGTTQLSPVNICTFRGDVTHITGSRNYTMNLASQNWNDYDPTEEIPAPLGTPDFVGKIQGVLTQTTRTDGSTRGHKATVYTGSADFAPKLGRVQFETDTDRDFEANQNTKFTPVGVIQDGGTTHRNEPQQWVLPSYSGRNTHNVHLAPAVAPTFPGEQLLFFRSTMPGCSGYPNMDLDCLLPQEWVQYFYQEAAPAQSDVALLRFVNPDTGRVLFECKLHKSGYVTVAHTGQHDLVIPPNGYFRFDSWVNQFYTLAPM,3.5e-09
6h7n,C,QVQLQESGGGLVQAGGSLRLSCAASGSIFALNIMGWYRQAPGKQRELVAAIHSGGTTNYANSVKGRFTISRDNAANTVYLQMNSLKPEDTAVYYCNVKDFGAIIYDYDYWGQGTQVTVSS,A,AAKVMSLLMALVVLLIVAGNVLVIAAIGSTQRLQTLTNLFITSLACADLVVGLLVVPFGATLVVRGTWLWGSFLCELWTSLDVLCVTASIETLCVIAIDRYLAITSPFRYQSLMTRARAKVIICTVWAISALVSFLPIMMHWWRDEDPQALKCYQDPGCCDFVTNRAYAIASSIISFYIPLLIMIFVYLRVYREAKEQIRKIDRASKRKTSRVMAMKEHKALKTLGIIMGVFTLCWLPFFLVNIVNVFNRDLVPDWLFVAFNWLGYANSAMNPIIYCRSPDFRKAFKRLLA,3.5e-09
4eiz,C,QVQLQESGGGLVQAGGSLRLSCTASGRTFSSYAMGWFRQTPGKEREFVAAITWGGSTTLYADSVKGRFTMSRDNAKNTVYLQMNSLKPEDTAVYYCAADGSQYRSTYSFRDKPDYGSWGQGTQVTVSS,B,MISLIAALAVDRVIGMENAMPWNLPADLAWFKRNTLNKPVIMGRHTWESIGRPLPGRKNIILSSQPGTDDRVTWVKSVDEAIAACGDVPEIMVIGGGRVYEQFLPKAQKLYLTHIDAEVEGDTHFPDYEPDDWESVFSEFHDADAQNSHSYCFEILERR,3e-09
4pou,B,QVQLVESGGGLVQAGSLRLSCAASGYPHPYLHMGWFRQAPGKEREGVAAMDSGGGGTLYADSVKGRFTISRDKGKNTVYLQMDSLKPEDTATYYCAAGGYQLRDRTYGHWGQGTQVTVSS,A,KETAAAKFERQHMDSSTSSNYCNQMMKSRNLTKDRCKPVNTFVHESLADVQAVCSQKNVACKNGQTNCYQSYSTMSITDCRETGSSKYPNCAYKTTQANKHIIVACEGNPYVPVHFDASV,1.57e-07
1op9,A,QVQLQESGGGSVQAGGSLRLSCSASGYTYISGWFRQAPGKEREGVAAIRSSDGTTYYADSVKGRFTISQDNAKNTVYLQMNSLKPEDTAMYYCAATEVAGWPLDIGIYDYWGQGTEVTVSS,B,KVFERCELARTLKRLGMDGYRGISLANWMCLAKWESGYNTRATNYNAGDRSTDYGIFQINSRYWCNDGKTPGAVNACHLSCSALLQDNIADAVACAKRVVRDPQGIRAWVAWRNRCQNRDVRQYVQGCGV,7e-10
4krp,B,EVQLVESGGGLLSCAASGRTFSSYAMGWFRQAPGKEREFVVAINWSSGSTYYADSVKGRFTISRDNAKNTMYLQMNSLKPEDTAVYYCAAGYQINSGNYNFKDYEYDYWGQGTQVT,A,KKVCQGTSNKLTQLGTFEDHFLSLQRMFNNCEVVLGNLEITYVQRNYDLSFLKTIQEVAGYVLIALNTVERIPLENLQIIRGNMYYENSYALAVLSNYDANKTGLKELPMRNLQEILHGAVRFSNNPALCHNQCAAGCTGPRESDCLVCRKFRDEATCKDTCPPLMLYNPTTYQMDVNPEGKYSFGATCVKKCPRNYVVTDHGSCVRACGADSYEMEEDGVRKCKKCEGPCRKVCNGIGIGEFKDSLSINATNIKHFKNCTSISGDLHILPVAFRGDSFTHTPPLDPQELDILKTVKEITGFLLIQAWPENRTDLHAFENLEIIRGRTKQHGQFSLAVVSLNITSLGLRSLKEISDGDVIISGNKNLCYANTINWKKLFGTSGQKTKIISNRGENSCKATGQVCHALCSPEGCWGPEPRDCVSCRNVSRGRECVDKCNLLEGEPREFVENSECIQCHPECLPQAMNITCTGRGPDNCIQCAHYIDGPHCVKTCPAGVMGENNTLVWKYADAGHVCHLCHPNCTYGCTGPGLEGC,1.66e-07
1zvy,A,DVQLVESGGGSVQAGGSLRLSCAASGSTDSIEYMTWFRQAPGKAREGVAALYTHTGNTYYTDSVKGRFTISQDKAKNMAYLRMDSVKSEDTAIYTCGATRKYVPVRFALDQSSYDYWGQGTQVTV,B,KVFGRCELAAAMKRHGLDNYRGYSLGNWVCAAKFESNFNTQATNRNTDGSTDYGILQINSRWWCNDGRTPGSRNLCNIPCSALLSSDITASVNCAKKIVSDGNGMNAWVAWRNRCKGTDVQAWIRGCRL,1e-10
1kxv,D,QVQLVESGGGTVPAGGSLRLSCAASGNTLCTYDMSWYRRAPGKGRDFVSGIDNDGTTTYVDSVAGRFTISQGNAKNTAYLQMDSLKPDDTAMYYCKPSLRYGLPGCPIIPWGQGTQVTVSS,B,QYAPQTQSGRTSIVHLFEWRWVDIALECERYLGPKGFGGVQVSPPNENIVVTNPSRPWWERYQPVSYKLCTRSGNENEFRDMVTRCNNVGVRIYVDAVINHMCGSGAAAGTGTTCGSYCNPGSREFPAVPYSAWDFNDGKCKTASGGIESYNDPYQVRDCQLVGLLDLALEKDYVRSMIADYLNKLIDIGVAGFRIDASKHMWPGDIKAVLDKLHNLNTNWFPAGSRPFIFQEVIDLGGEAIKSSEYFGNGRVTEFKYGAKLGTVVRKWSGEKMSYLKNWGEGWGFMPSDRALVFVDNHDNQRGHGAGGSSILTFWDARLYKIAVGFMLAHPYGFTRVMSSYRWARNFVNGEDVNDWIGPPNNNGVIKEVTINADTTCGNDWVCEHRWREIRNMVWFRNVVDGQPFANWWDNGSNQVAFGRGNRGFIVFNNDDWQLSSTLQTGLPGGTYCDVISGDKVGNSCTGIKVYVSSDGTAQFSISNSAEDPFIAIHAESKL,2.5e-08
3p0g,B,VQLQESGGGLVQAGGSLRLSCAASGSIFSINTMGWYRQAPGKQRELVAAIHSGGSTNYANSVKGRFTISRDNAANTVYLQMNSLKPEDTAVYYCNVKDYGAVLYEYDYWGQGTQVTVSSHH,A,DVTQQRDEVWVVGMGIVMSLIVLAIVFGNVLVITAIAKFERLQTVTNYFITSLACADLVMGLAVVPFGAAHILMKMWTFGNFWCEFWTSIDVLCVTASIETLCVIAVDRYFAITSPFKYQSLLTKNKARVIILMVWIVSGLTSFLPIQMHWYRATHQEAINCYAEETCCDFFTNQAYAIASSIVSFYVPLVIMVFVYSRVFQEAKLKEHKALKTLGIIMGTFTLCWLPFFIVNIVHVIQDNLIRKEVYILLNWIGYVNSGFNPLIYCRSPDFRIAFQELLCLRR,8.4e-11
5j56,B,AQVQLVESGGGLVQPGGSLRLSCVASEFSGFTLDYYAIGWFRQAPGKEREGLSSISSSSDGFTSYSDSVKGRFTISRDNAKNTVYLQMNSLKPEDTAVYYCAARLGGWASFSPQEYDYWGQGTQVTVSS,A,QYPIINFTTAGATVQSYTNFIRAVRGRLTTADVRHEIPVLPNRVGLPINQRFILVELSNHAELSVTLALDVTNAYVVGYRAGNSAYFFHPDNQEDAEAITHLFTDVQNRYTFAFGGNYDRLEQLAGNLRENIELGNGPLEEAISALYYYSTGGTQLPTLARSFIICIQMISEAARFQYIEGEMRTRIRYNRRSAPDPSVITLENSWGRLSTAIQESNQGAFASPIQLQRRNGSKFSVYDVSILIPIIALMVYRC,3.2e-09
2p46,B,QVQVESGGGLVQAGGSLRLSCAASGYAYTYIYGWFRQAPGKEREGVAADSGGGGTLYADSVKGRTISRDKGKNTVYLQDSLKPEDTATYYCAAGGYELRDRTYGQWGQGTQVTVSS,A,ETAAAKFERQHMDSSTSAASSSNYCNQMMKSRNLTCKPVNTFVHESLADVQAVCSQKNVACKNGQTNCYQSYSTMSITDCRETGSSKYPNCAYKTTQANKHIIVACEGNPYVPVHFDASV,1.16e-07
4kfz,C,EVQLLESGGGLVQPGGSLRLSCAASGFSFSHSPMNWVRQAPGKGLEWVSYISYNSSSIYYADSVKGRFTISRDNSKNTLYLQMNSLRAEDTAVYYCARGLTESLELTADWFDYWGQGTLVTVSS,A,DPSEEPVDEVLQIPPSLLTCGGCQQNIGDRYFLKAIDQYWHEDCLSCDLCGCRLGEVGRRLYYKLGRKLCRRDYLRLFGQDGLCASCDKRIRAYEMTMRVKDKVYHLECFKCAACQKHFCVGDRYLLINSDIVCEQDIYEWTKING,9.4e-08
1zmy,A,VQLVESGGGSVQAGGSLRLSCTASGYTIGPYCMGWFRQAPGGEREAVAAINMGGGITYYADSVKGRFTISRDNAKNTVTLQMNSLKPEDTAMYYCAADSTIYASYYECGHGLSTGGYGYDSWGQGTQVTVSS,L,KVFGRCELAAAMKRHGLDNYRGYSLGNWVCAAKFESNFNTQATNRNTDGSTDYGILQINSRWWCNDGRTPGSRNLCNIPCSALLSSDITASVNCAKKIVSDGNGMNAWVAWRNRCKGTDVQAWIRGCRL,5.2e-08
5omn,C,QVQLQESGGGLVQPGGSLRLSCAASGTIFSRNIMGWYRQAPGKERELVASIYSDRSTWYAESVEGRFTISRDNVKNTLYLQMNSLKPEDTAMYYCRDRTLGSWGQGTQVTVSS,B,SKPFTLPILTLGELTNSRFPLPIDVLYTNPNESAIVQCQNGRCTLDGELQGTTQLLPTGICAFRGKVTQQVQDEHRGTHWNMTVTNLNGTPFDPTEDVPAPLGTPDFSGQIYGVISQRNTNTVPNLPANRAHEAVIATYSPKFTPKLGNIQFSTWETQDVSSGQPTKFTPVGLASVDANSHFDQWTLPSYSGALTLNMNLAPSVAPVFPGECLLFFRSFIPLKGGYGNPAIDCLMPQEWVQHLYQESAPSLSDVALVRYVNPETGRTLFEAKLHRNGFLTVARNSAGPVVAPTNGYFRFDSWVNQFYTLAPM,9.5e-09
5hvg,B,QVQLQESGGGLVQPGGSLRLSCAASGSIFSGNAMGWYRQAPGKQRELVAAITSGGSTDYADSVKGRFTISRDNAKNTVYLQMNSLKPEDTAVYYCHVDPRPWGYDVTDYDYWGQGTQVTVSS,A,FQSGQVLAALPRTSRQVQVLQNLTTTYEIVLWQPVTADLIVKKKQVHFFVNASDVDNVKAHLNVSGIPCSVLLADVEDLIQQQISNDTVSPRASASYYEQYHSLNEIYSWIEFITERHPDMLTKIHIGSSFEKYPLYVLKVSGKEQAAKNAIWIDCGIHAREWISPAFCLWFIGHITQFYGIIGQYTNLLRLVDFYVMPVVNVDGYDYSWKKNRMWRKNRSFYANNHCIGTDLNRNFASKHWCEEGASSSSCSETYCGLYPESEPEVKAVASFLRRNINQIKAYISMHSYSQHIVFPYSYTRSKCKDHEELSLVASEAVRAIEKISKNIRYTYGQGSETLYLAPGGGDDWIYDLGIKYSFTIELRDTGTYGFLLPERYIKPTCREAFAAVSKIAWHVIRNV,6.3e-10
5o03,D,QVQLQESGGGLVQPGGSLRLSCAASGFTLGYYPIGWFRQAPGKGLEGVSCISGSGGSANYAASVKGRFTISRDNAKNTVYLQMNSLKPEDTAIYYCAADLSSLVQAMCVIPRPGFSAKAYDYWGLGTQVTVSS,B,SKPFTLPILTLGELTNSRFPLPIDVLYTNPNESAIVQCQNGRCTLDGELQGTTQLLPTGICAFRGKVTQQVQDEHRGTHWNMTVTNLNGTPFDPTEDVPAPLGTPDFSGQIYGVISQRNTNTVPGEGNLPANRAHEAVIATYSPKFTPKLGNIQFSTWETQDVSSGQPTKFTPVGLASVDANSHFDQWTLPSYSGALTLNMNLAPSVAPVFPGECLLFFRSFIPLKGGYGNPAIDCLMPQEWVQHLYQESAPSLSDVALVRYVNPETGRTLFEAKLHRNGFLTVARNSAGPVVAPTNGYFRFDSWVNQFYTLAPM,6e-08
5lhn,B,QVQLQESGGGLVQPGGSLRLSCAASGFTLGYYAIGWFRRAPGKEREGVSCISSSGGSTNYADSVKGRFTISRDNAKNTVDLQMNSLKPEDTAIYYCAAEWVPPGYGATVQALCNNAGYGMEYWGKGTQVTVSSAA,A,IVGGEFTEVENQPWFAAIYQKNKGGSPPSFKCGGSLISPCWVASAAHCFIQLPKKENYVVYLGQSKESSYNPGEMKFEVEQLILHEYYREDSLAYHNDIALLKIRTSTGQCAQPSRSIQTIALPPRFTDAPFGSDCEITGFGKKNLKMSVVKLVSHEQCMQPHYYGSEINYKMLCAADPEWKTDSCKGDSGGPLICNIEGRPTLSGIVSWGRGCAEKNKPGVYTRVSHFLDWIQSHIG,1.12e-08
4wen,B,QVQLQESGGGLVQPGGSLRLSCTASGSISSINAMGWYRQAPGSKREFVAHITNTGVTEFADSVKGRFTISRDNAKTTVDLQMNSLKPEDTAVYYCAATDWGTLLIKGIDHWGKGTQVTVSS,A,RQKWEWKVGTGLNGFGNVLNDLTNGGTKLTITVTGNKPILLGRTKEAFATVDGIPHIAFTDYEGASVVLRNPNKKGLAYFVLPMKNAEGTKVGSVKVNASYAGVLGRGGVTSADGELLSLFADGLSSIFYGGLPRGSELSAGSAAAARTKLFGSLSRNDILGQIQRVNANITSLVDVAGSYRENMEYTDGTVVSAAYALGIANGQTIEATFNQAVTTSTQWSAPLNVAITYYDNKQMTGDFNGSVDIGGSITA,1e-07
3eba,A,QVQLVESGGGSVQAGGSLRLSCSASGYTYISGWFRQAPGKGLEWVAAIRSSDGTTYYADSVKGRFTISQDNAKNTVYLQMNSLKPEDTAMYYCAATEVAGWPLDIGIYDYWGQGTQVTVSS,B,KVFERCELARTLKRLGMDGYRGISLANWMCLAKWESGYNTRATNYNAGDRSTDYGIFQINSRYWCNDGKTPGAVNACHLSCSALLQDNIADAVACAKRVVRDPQGIRAWVAWRNRCQNRDVRQYVQGCGV,2.36e-09
5jds,B,QVQLQESGGGLVQPGGSLRLSCAASGKMSSRRCMAWFRQAPGKERERVAKLLTTSGSTYLADSVKGRFTISQNNAKSTVYLQMNSLKPEDTAMYYCAADSFEDPTCTLVTSSGAFQYWGQGTQVTVS,A,AFTVTVPKDLYVVEYGSNMTIECKFPVEKQLDLAALIVYWEMEDKNIIQFVHGEEDLKVQHSSYRQRARLLKDQLSLGNAALQITDVKLQDAGVYRCMISYGGADYKRITVKVNA,3e-09
5o05,C,QVQLQESGGGLVQPGGSLRLSCAASGSVSRTYVMGWYRQTPGNQRELVATITSVGSTNYADSLKGRFTISRENAENTVYLQMNSLKPEDTAIYYCKYIRYSPIHAPLDYWGQGTQVTVSS,B,SKPFTLPILTLGELTNSRFPLPIDVLYTNPNESAIVQCQNGRCTLDGELQGTTQLLPTGICAFRGKVTQQVQDEHRGTHWNMTVTNLNGTPFDPTEDVPAPLGTPDFSGQIYGVISQRNTNTVPGEGNLPANRAHEAVIATYSPKFTPKLGNIQFSTWETQDVSSGQPTKFTPVGLASVDANSHFDQWTLPSYSGALTLNMNLAPSVAPVFPGECLLFFRSFIPLKGGYGNPAIDCLMPQEWVQHLYQESAPSLSDVALVRYVNPETGRTLFEAKLHRNGFLTVARNSAGPVVAPTNGYFRFDSWVNQFYTLAPM,8.1e-10
3zkq,D,VQLQESGGGLVQPGGSLRLSCAASGFTFSSAIMTWVRQAPGKGREWVSTIGSDGSITTYADSVKGRFTISRDNARNTLYLQMNSLKPEDTAVYYCTSAGRRGPGTQVTVSSHH,A,ANFLAMVDNLQGDSGRGYYLEMLIGTPPQKLQILVDTGSSNFAVAGTPHSYIDTYFDTERSSTYRSKGFDVTVKYTQGSWTGFVGEDLVTIPKGFNTSFLVNIATIFESENFFLPGIKWNGILGLAYATLAKPSSSLETFFDSLVTQANIPNVFSMQMCGAGGGSLVLGGIEPSLYKGDIWYTPIKEEWYYQIEILKLEIGGQSLNLDCREYNADKAIVDSGTTLLRLPQKVFDAVVEAVARASLIPEFSDGFWTGSQLACWTNSETPWSYFPKISIYLRDENSSRSFRITILPQLYIQPMMAGLNYECYRFGISPSTNALVIGATVMEGFYVIFDRAQKRVGFAASPCAEIAGAAVSEISGPFSTEDVASNCVPA,1.2e-09
5m2i,J,VQLVESGGGLVQAGGSLSLSCSASGRSLSNYYMGWFRQAPGKERELLGNISWRGYNIYYKDSVKGRFTISRDDAKNTIYLQMNRLKPEDTAVYYCAASILPLSDDPGWNTYWGQGTQVTVS,E,DKPVAHVVANPQAEGQLQWLNRRANALLANGVELRDNQLVVPSEGLYLIYSQVLFKGQGCPSTHVLLTHTISRIAVSYQTKVNLLSAIKSPCQRETPAEAKPWYEPIYLGGVFQLEKGDRLSAEINRPDYLDFAESGQVYFGIIAL,5.4e-10
5sv3,A,EVQLVESGGGLVQAGDSLRLSCTASGRTLGDYGVAWFRQAPGKEREFVSVISRSTIITDYADSVRGRFSISADSAKNTVYLQMNSLKPEDTAVYYCAVIANPVYATSRNSDDYGHWGQGTQVTVSS,B,QYPIINFTTAGATVQSYTNFIRAVRGRLTVLPNRVGLPINQRFILVELSNHAELSVTLALDVTNAYVVGYRAGNSAYFFHPDNQEDAEAITHLFTDVQNRYTFAFGGNYDRLEQLAGNLRENIELGNGPLEEAISALYYYSTGGTQLPTLARSFIICIQMISEAARF,6.27e-10
5y80,B,GQVQLQESGGGLVQPGGSLRLSCSASGFKFNDSYMSWVRRVPGKGLEWVAGIWEDSSAAHYRDSVKGRFTISRDNAKNMLYLQMSSLKSDDTGLYYCVRRGYSGDYRPINNPSSQGTQVTVSSA,A,SQSDFVGQTVELGELRLRVRRVLAEGGFAFVYEAQDVGSGREYALKRLLSNEEEKNRAIIQEVCFMKKLSGHPNIVQFCSAASIGKEESDTGQAEFLLLTELCKGQLVEFLKKMGPLSCDTVLKIFYQTCRAVQHMHRQKPPIIHRDLKVENLLLSNQGTIKLCDFGSATTISHYPDYSWSAQRRALVEEEITRNTTPMYRTPEIIDLYSNFPIGEKQDIWALGCILYLLCFRQHPFEDGAKLRIVNGKYSIPPHDTQYTVFHSLIRAMLQVNPEERLSIAEVVHQLQEIAAARNVNPKSPITELL,1.62e-09
2p49,B,GSQVQLVESGGGLVQAGGSLRLSCAASGYAYTYIYMGWFRQAPGKEREGVAAMDSGGGGTLYADSVKGRFTISRDKGKNTVYLQMDSLKPEDTATYYCAAGGYELRDRTYGQWGQGTQVTVSS,A,ETAAAKFERQHMDSSTSSNYCNQMMKSRNLTKDRCKPVNTFVHESLADVQAVCSQKNVACKNGQTNCYQSYSTMSITDCRETGSSKYPNCAYKTTQANKHIIVACEGNPYVPVHFDASV,2.3e-08
4krl,B,QVKLEESGGGSVQTGGSLRLTCAASGRTSRSYGMGWFRQAPGKEREFVSGISWRGDSTGYADSVKGRFTISRDNAKNTVDLQMNSLKPEDTAIYYCAAAAGSAWYGTLYEYDYWGQGTQVTV,A,LEEKKVCNGIGIGEFKDSLSINATNIKHFKNCTSISGDLHILPVAFRGDSFTHTPPLDPQELDILKTVKEITGFLLIQAWPENRTDLHAFENLEIIRGRTKQHGQFSLAVVSLNITSLGLRSLKEISDGDVIISGNKNLCYANTINWKKLFGTSGQKTKIISNRGENSCKATGQVCHALCSPEGCWGPEPRDCVSCRNVSRGREC,4.7e-08
4weu,E,QVQLQESGGGLVQAGGSLRLSCAASGLTFDTYAMGWFRQAPGKKREYVAAISWTGISTYYADIAKGRFTISRDNAKNTLYLQMDSLKPEDTAVYYCAAQKSLNVPAPWDYWGQGTQVTVSS,A,KWEWKVGTGLNGFGNVLNDLTNGGTKLTITVTGNKPILLGRTKEAFIPHIAFTDYEGASVELRNPDGETEKGLAYFVLPMKNAEGTKVGSVKVNASYAGALGRGGVTSADGELMSLFAEGSHAIFYGGLPTNVKNSELKGGSAAAARTELFGSLSKNDILGQIQRVNANITSLVNVPGSFNENMAYTDGSVVSVAYALGIANGQTIEATFNQAVTTSTQWSAPLNVAITYGDFNGSVDIGGSITA,5.7e-06
5hvf,B,VQLQESGGGLVQAGGSLRLSCAASGSIFSPNAMGWYRQAPGKERELVAARTNVGSTYADSVKGRFTVSRDNAKNTVYLQMNSLKPEDTAVYYCNAWGQDGWLGQYDYWGQGTQVTVSS,A,QSGQVLAALPRTSRQVQVLQNLTTTYEIVLWQPVTADLIVKKKQVHFFVNASDVDNVKAHLNVSGIPCSVLLADVEDLIQQQISNDTVSPRASASYYEQYHSLNEIYSWIEFITERHPDMLTKIHIGSSFEKYPLYVLKVAIWIDCGIHAREWISPAFCLWFIGHIDFYVMPVVNVDGYDYSWKKNRMWRKNRSFYANNHCIGTDLNRNFASKHWCEEGASSSSCSETYCGLYPESEPEVKAVASFLRRNINQIKAYISMHSYSQHIVFPYSYTRSKCKDHEELSLVASEAVRAIEKISKNIRYTYGQGSETLYLAPGGGDDWIYDLGIKYSFTIELRDTGTYGFLLPERYIKPTCREAFAAVSKIAWHVIR,3e-11
5ivn,A,VQLVESGGGLVQPGGSLTLSCTASGFTLDHYDIGWFRQAPGKEREGVSCINNSDDDTYYADSVKGRFTIFMNNAKDTVYLQMNSLKPEDTAIYYCAEARGCKRGRYEYDFWGQGTQVTVSS,B,DRKAAVSHWQ,1.4e-09
2p45,B,QVQVESGGGLVQAGGSLRLSCAASGYAYTYIYGWFRQAPGKEREGVAADSGGGGTLYADSVKGRTISRDKGKNTVYLQDSLKPEDTATYYCAAGGYELRDRTYGQWGQGTQVTVSS,A,KETAAAKFERQHMDSSTSAASSSNYCNQMMKSRNLTKDRCKPVNTFVHESLADVQAVCSQKNVACKNGQTNCYQSYSTMSITDCRETGSSKYPNCAYKTTQANKHIIVACEGNPYVPVHFDASV,1.16e-07
1ri8,A,VQLVESGGGSVQAGGSLRLSCAVSGYKDRNYCMGWFRRAPGKEREGVAVIDSSGRTAYADSVKGRFTISRDVALDTAYLQMNSLKPEDTAMYYCAAGWSSLGSCGTNRNRYNYWGQGTQVTVSS,B,KVFGRCELAAAMKRHGLDNYRGYSLGNWVCAAKFESNFNTQATNRNTDGSTDYGILQINSRWWCNDGRTPGSRNLCNIPCSALLSSDITASVNCAKKIVSDGNGMNAWVAWRNRCKGTDVQAWIRGCRL,2.9e-09
5mzv,D,EVQLVESGGGLVQAGGSLRLSCAASGRTFSWSAVGWFRQAPGKEREFVAAIRWSGGSPYYADSVKDRFTISRDNAKNTVYLQMNSLRPEDTAVYLCGETSLFPTSRGSHYDTWGQGTQVTVSS,A,IWELKKDVYVVELDWYPDAPGEMVVLTCDTPEEDGITWTLDQSSEVLGSGKTLTIQVKEFGDAGQYTCHKGGEVLSHSLLLLHKKEDGIWSTDILKDQKEPKNKTFLRCEAKNYSGRFTCWWLTTISTDLTFSVKSSRGSSDPQGVTCGAATLSAERVRGDNKEYEYSVECQEDSACPAAEESLPIEVMVDAVHKLKYENYTSSFFIRDIIKPDPPKNLQLKPLKNSRQVEVSWEYPDTWSTPHSYFSLTFCVQVQGKREKKDRVFTDKTSATVICRKNASISVRAQDRYYSSSWSEWASVPC,3.6e-08
4eig,B,QVQLQESGGGLVQAGGSLRLSCKASGIIFSVYKMTWYRQAPGKERELVALITTNNNTMTVDSVKGRFTISRDNVQNTVYLEMNNLKPEDTAVYYCNANRGLAGPAYWGQGTQVTVSS,A,MISLIAALAVDRVIGMENAMPWNLPADLAWFKRNTLNKPVIMGRHTWESIGRPLPGRKNIILSSQPGTDDRVTWVKSVDEAIAACGDVPEIMVIGGGRVYEQFLPKAQKLYLTHIDAEVEGDTHFPDYEPDDWESVFSEFHDADAQNSHSYCFEILERR,1e-09
2p4a,B,QVQLVESGGGLVQAGGSLRLSCAASGYPWTYIYMGWFRQAPGKEREGVAAMDSGGGGTLYADSVKGRFTISRDKGKNTVYLQMDSLKPEDTATYYCAAGGDALVATRYGRWGQGTQVTVSS,A,KETAAAKFERQHMDSSTSAASSSNYCNQMMKSRNLTKDRCKPVNTFVHESLADVQAVCSQKNVACKNGQTNCYQSYSTMSITDCRETGSSKYPNCAYKTTQANKHIIVACEGNPYVPVHFDASV,1.8e-10
4w6w,B,VQLQESGGGSVQAGGSLRLSCAASGYTSGRDSMGWFRQAPGKEREGVACIDTSGIVNYADSVKGRFTISQDSAKKTLYLEMNSLKPEDTALYSCATGPFVYGRGCLGQAFYSYWGQGTQVTVSS,A,SAQVTGTLLGTGKTNTTQMPALYTWQHQIYNVNFIPSSSGTLTCQAGTILVWKNGRETQYALECRVSIHHSSGSINESQWGQQSQVGFGTACGNKKCRFTGFEISLRIPPNAQTYPLSGDLKGSFSLTNKEVNWSASIYVP,3.57e-09
4wem,B,QVQLQESGGGLVQAGGSLRLSCEASGNVDRIDAMGWFRQAPGKQREFVGYISEGGILNYGDFVKGRFTISRDNAKNTVYLQMSNLKSEDTGVYFCAASHWGTLLIKGIEHWGKGTQVTVSS,A,QKWEWKVGTGLNGFGNVLNDLTNGGTKLTITVTGNKPILLGRTKEAFATPVDGIPHIAFTDYEGASVVLRNPNKKGLAYFVLPMKNAEGTKVGSVKVNASYAGVLGRGGVTSADGELLSLFADGLSSIFYGGLPRGSELSAGSAAAARTKLFGSLSRNDILGQIQRVNANITSLVDVAGSYRENMEYTDGTVVSAAYALGIANGQTIEATFNQAVTTSTQWSAPLNVAITYYDNDFNGSVDIGGSITA,6.8e-06
4w6y,B,QVQLQESGGGSVQAGGSLRLSCAASGYTYSSNCMAWFRQVPGKEREGVASINTRGGITYYADSVKGRFTISRDNAKNTVSLQMNSLKPEDTATYYCAAVREATYSDNRCSVRSYTYDYWGQGTQVTVS,A,SSASSAQVTGTLLGTGKTNTTQMPALYTWQHQIYNVNFIPSSSGTLTCQAGTILVWKNGRETQYALECRVSIHHSSGSINESQWGQQSQVGFGTACGNKKCRFTGFEISLRIPPNAQTYPLSSGDLKGSFSLTNKEVNWSASIYVP,1.58e-09
5m2j,D,QVQLVESGGGLVQPGGSLRLSCAASGFTFSNYWMYWVRQAPGKGLEWVSEINTNGLITKYPDSVKGRFTISRDNAKNTLYLQMNSLKPEDTALYYCARSPSGFNRGQGTQVTVSS,A,SDKPVAHVVANPQAEGQLQWLNRRANALLANGVELRDNQLVVPSEGLYLIYSQVLFKGQGCPSTHVLLTHTISRIAVSYQTKVNLLSAIKSPCQPWYEPIYLGGVFQLEKGDRLSAEINRPDYLDFAESGQVYFGIIAL,1.3e-10
3qsk,B,QVQLVESGGGLVQAGGSLRLSCAASGYHHPYIYMGWFRQAPGKEREGVAAMDSGGGGTLYADSVKGRFTISRDKGKNTVYLQMDSLKPEDTATYYCAAGGHHLRDHTYGQWGQGTQVTVSS,A,KETAAAKFERQHMDSSSSNYCNQMMKSRNLTKDRCKPVNTFVHESLADVQAVCSQKNVACKNGQTNCYQSYSTMSITDCRETGSSKYPNCAYKTTQANKHIIVACEGNPYVPVHFDASV,1e-07
2p43,B,QVQLVESGGGLVQAGGSLRLSCAASGYAYTYIYGWFRQAPGKEREGVAADSGGGGTLYADSVKGRFTISRDKGKNTVYLQDSLKPEDTATYYCAAGGYELRDRTYGQWGQGTQVTVSS,A,KETAAAKFERQHMDSSTSAASSSNYCNQMMKSRNLTKDRCKPVNTFVHESLADVQAVCSQKNVACKNGQTNCYQSYSTMSITDCRETGSSKYPNCAYKTTQANKHIIVACEGNPYVPVHFDASV,2.3e-08
2p47,B,QVQVESGGGLVQAGGSLRLSCAASGYAYTYIYGWFRQAPGKEREGVAADSGGGGTLYADSVKGRTISRDKGKNTVYLQDSLKPEDTATYYCAAGGYELRDRTYGQWGQGTQVTVSS,A,ETAAAKFERQHMDSSTSAASSSNYCNQMMKSRNLTKDRCKPVNTFVHESLADVQAVCSQKNVACKNGQTNCYQSYSTMSITDCRETGSSKYPNCAYKTTQANKHIIVACEGNPYVPVHFDASV,1.16e-07
5imk,B,QVQLVESGGGLVQAGGSLRLSCAASGRTFSSYGMGWFRQAPGKEREFVAAIRWNGGSTYYADSVKGRFTISRDNAKNTVYLQMNSLKPEDTAVYYCAAGRWDKYGSSFQDEYDYWGQGTQVTVSS,A,RPILEVPESVTGPWKGDVNLPCTYDPLQGYTQVLVKWLVQRGSDPVTIFLRDSSGDHIQQAKYQGRLHVSHKVPGDVSLQLSTLEMDDRSHYTCEVTWQTPDGNQVVRDKITELRVQK,8.5e-07
2p48,B,QVQVESGGGLVQAGGSLRLSCAASGYAYTYIYGWFRQAPGKEREGVAADSGGGGTLYADSVKGRTISRDKGKNTVYLQDSLKPEDTATYYCAAGGYELRDRTYGQWGQGTQVTVSS,A,KETAAAKFERQHMDSSTSAASSSNYCNQMMKSRNLTKDRCKPVNTFVHESLADVQAVCSQKNVACKNGQTNCYQSYSTMSITDCRETGSSKYPNCAYKTTQANKHIIVACEGNPYVPVHFDASV,1.16e-07
6WAQ,a,QVQLQESGGGLVQAGGSLRLSCAASGRTFSEYAMGWFRQAPGKEREFVATISWSGGSTYYTDSVKGRFTISRDNAKNTVYLQMNSLKPDDTAVYYCAAAGLGTVVSEWDYDYDYWGQGTQVTVSS,b,TNLCPFGEVFNATKFPSVYAWERKKISNCVADYSVLYNSTFFSTFKCYGVSATKLNDLCFSNVYADSFVVKGDDVRQIAPGQTGVIADYNYKLPDDFMGCVLAWNTRNIDATSTGNYNYKYRYLRHGKLRPFERDISNVPFSPDGKPCTPPALNCYWPLNDYGFYTTTGIGYQPYRVVVLSFEGSLEVLFQ,3.9e-08
7klw,c,QVQLVESGGGSVQAGGSLRLSCAASGSISSITYLGWFRQAPGKEREGVAALITVNGHTYYADSVKGRFTVSLDNAKNTVYLQMNSLKPEDTALYYCAAAAWGYAWPLHQDDYWYWGQGTQVTVS,a,NLCPFGEVFNATRFASVYAWNRKRISNCVADYSVLYNSASFSTFKCYGVSPTKLNDLCFTNVYADSFVIRGDEVRQIAPGQTGKIADYNYKLPDDFTGCVIAWNSNNLDSKVGGNYNYLYRLFRKSNLKPFERDISTEIYQAGSTPCNGVEGFNCYFPLQSYGFQPTNGVGYQPYRVVVLSFELLHAPATVCGP,4.1e-08
7KLW,b,QVQLVESGGGLVQAGGSLRLSCAASGFPVYRDRMAWYRQAPGKEREWVAAIYSAGQQTRYADSVKGRFTISRDNAKNTVYLQMNSLKPEDTAVYYCNVKDVGHHYEYYDYWGQGTQVTVS,a,NLCPFGEVFNATRFASVYAWNRKRISNCVADYSVLYNSASFSTFKCYGVSPTKLNDLCFTNVYADSFVIRGDEVRQIAPGQTGKIADYNYKLPDDFTGCVIAWNSNNLDSKVGGNYNYLYRLFRKSNLKPFERDISTEIYQAGSTPCNGVEGFNCYFPLQSYGFQPTNGVGYQPYRVVVLSFELLHAPATVCGP,6.9e-07
7kn5,e,QVQLVESGGGLVQPGGSLRLSCAASGFTLDYYAIGWFRQAPGKEREGVSCISSSGGSTHFADSVKGRFTISRDNAKNTVYLQMNSLIPEDTAVYYCAAQSGSYYWCGSDWHEYEYWGQGTQVTVSS,a,RVQPTESIVRFPNITNLCPFGEVFNATRFASVYAWNRKRISNCVADYSVLYNSASFSTFKCYGVSPTKLNDLCFTNVYADSFVIRGDEVRQIAPGQTGKIADYNYKLPDDFTGCVIAWNSNNLDSKVGGNYNYLYRLFRKSNLKPFERDISTEIYQAGSTPCNGVEGFNCYFPLQSYGFQPTNGVGYQPYRVVVLSFELLHAPATVCGPKKSTNLVKNKCVNFSGHHHHHH,2.1e-08
7KN6,c,QVQLVETGGGLVQPGGSLRLSCAASGFTFSSYAMGWARQVPGKGLEWVSYIYSDGSTEYQDSVKGRFTISRDNAKSTVYLQMNSLKPEDTAVYYCATEGSLGGWGRDFGSWGQGTQVTVSS,a,RVQPTESIVRFPNITNLCPFGEVFNATRFASVYAWNRKRISNCVADYSVLYNSASFSTFKCYGVSPTKLNDLCFTNVYADSFVIRGDEVRQIAPGQTGKIADYNYKLPDDFTGCVIAWNSNNLDSKVGGNYNYLYRLFRKSNLKPFERDISTEIYQAGSTPCNGVEGFNCYFPLQSYGFQPTNGVGYQPYRVVVLSFELLHAPATVCGPKKSTNLVKNKCVNFSGHHHHHH,9e-09
7KN7,c,QVQLVESGGGLVQPGGSLRLSCAASGFTLDYYAIGWFRQAPGKEREGVSCISSSGDSTHYVDSVKGRFTISRDNAKNTVYLQMNSLKPEDTAVYYCAAQSGSYYWCGSDWHEYDYRGQGTQVTVSS,a,RVQPTESIVRFPNITNLCPFGEVFNATRFASVYAWNRKRISNCVADYSVLYNSASFSTFKCYGVSPTKLNDLCFTNVYADSFVIRGDEVRQIAPGQTGKIADYNYKLPDDFTGCVIAWNSNNLDSKVGGNYNYLYRLFRKSNLKPFERDISTEIYQAGSTPCNGVEGFNCYFPLQSYGFQPTNGVGYQPYRVVVLSFELLHAPATVCGPKKSTNLVKNKCVNFSGHHHHHH,2.2e-08
7NKT,b,QVQLVESGGGSVQPGGSLRLSCLGSGSLDYYAIGWFRQAPGKEREGVSCIASSGDRTIYADSVKGRFTISRDYGKNTVYLQMNSLKPEDTAMYYCAALQGSYYYTGFVANEYDYWGQGAPVTVSS,a,RVQPTESIVRFPNITNLCPFGEVFNATRFASVYAWNRKRISNCVADYSVLYNSASFSTFKCYGVSPTKLNDLCFTNVYADSFVIRGDEVRQIAPGQTGKIADYNYKLPDDFTGCVIAWNSNNLDSKVGGNYNYLYRLFRKSNLKPFERDISTEIYQAGSTPCNGVEGFNCYFPLQSYGFQPTNGVGYQPYRVVVLSFELLHAPATVCGPKKSTNLVKNKCVNFHHHHHH,4e-09
7LX5,a,QVQLQESGGGLVQPGGSLRLSCAASGFTFRRYLMGWARQVPGKGLEWVSGIYSDGSTYYADSVKGRFTISRDNAKNTVYLQMNSLKPEDTAVYYCAKDRMDGSTWPERDFGSWGQGTQVTVSS,b,MGGEGLRASPRRRPLLPLQPRGCPRGDGCLRGGRGRAGFGFWRVTGGSSASANHVHAFFFFLQLLGNVLVVVLSHHFGKELRPSQAEFGTATMFVFLVLLPLVSSQCVNLTTRTQLPPAYTNSFTRGVYYPDKVFRSSVLHSTQDLFLPFFSNVTWFHAIHVSGTNGTKRFDNPVLPFNDGVYFASTEKSNIIRGWIFGTTLDSKTQSLLIVNNATNVVIKVCEFQFCNDPFLGVYYHKNNKSWMESEFRVYSSANNCTFEYVSQPFLMDLEGKQGNFKNLREFVFKNIDGYFKIYSKHTPINLVRDLPQGFSALEPLVDLPIGINITRFQTLLALHRSYLTPGDSSSGWTAGAAAYYVGYLQPRTFLLKYNENGTITDAVDCALDPLSETKCTLKSFTVEKGIYQTSNFRVQPTESIVRFPNITNLCPFGEVFNATRFASVYAWNRKRISNCVADYSVLYNSASFSTFKCYGVSPTKLNDLCFTNVYADSFVIRGDEVRQIAPGQTGKIADYNYKLPDDFTGCVIAWNSNNLDSKVGGNYNYLYRLFRKSNLKPFERDISTEIYQAGSTPCNGVEGFNCYFPLQSYGFQPTNGVGYQPYRVVVLSFELLHAPATVCGPKKSTNLVKNKCVNFNFNGLTGTGVLTESNKKFLPFQQFGRDIADTTDAVRDPQTLEILDITPCSFGGVSVITPGTNTSNQVAVLYQDVNCTEVPVAIHADQLTPTWRVYSTGSNVFQTRAGCLIGAEHVNNSYECDIPIGAGICASYQTQTNSPGSASSVASQSIIAYTMSLGAENSVAYSNNSIAIPTNFTISVTTEILPVSMTKTSVDCTMYICGDSTECSNLLLQYGSFCTQLNRALTGIAVEQDKNTQEVFAQVKQIYKTPPIKDFGGFNFSQILPDPSKPSKRSPIEDLLFNKVTLADAGFIKQYGDCLGDIAARDLICAQKFNGLTVLPPLLTDEMIAQYTSALLAGTITSGWTFGAGPALQIPFPMQMAYRFNGIGVTQNVLYENQKLIANQFNSAIGKIQDSLSSTPSALGKLQDVVNQNAQALNTLVKQLSSNFGAISSVLNDILSRLDPPEAEVQIDRLITGRLQSLQTYVTQQLIRAAEIRASANLAATKMSECVLGQSKRVDFCGKGYHLMSFPQSAPHGVVFLHVTYVPAQEKNFTTAPAICHDGKAHFPREGVFVSNGTHWFVTQRNFYEPQIITTDNTFVSGNCDVVIGIVNNTVYDPLQPELDSFKEELDKYFKNHTSPDVDLGDISGINASVVNIQKEIDRLNEVAKNLNESLIDLQELGKYEQGSGYIPEAPRDGQAYVRKDGEWVLLSTFLGRSLEVLFQGPGHHHHHHHHSAWSHPQFEKGGGSGGGGSGGSAWSHPQFEK,7e-10
7D2Z,a,QVQLVESGGGLVQAGGSLRLSCAASGFPVWQGEMAWYRQAPGKEREWVAAISSMGYKTYYADSVKGRFTISRDNAKNTVYLQMNSLKPEDTAVYYCAVMVGFWYAGQGTQVTVSA,b,AGSPNITNLCPFGEVFNATRFASVYAWNRKRISNCVADYSVLYNSASFSTFKCYGVSPTKLNDLCFTNVYADSFVIRGDEVRQIAPGQTGKIADYNYKLPDDFTGCVIAWNSNNLDSKVGGNYNYLYRLFRKSNLKPFERDISTEIYQAGSTPCNGVEGFNCYFPLQSYGFQPTNGVGYQPYRVVVLSFELLHAPATVCGPKKSTGTLEVLFQ,6e-09
6ZBP,f,QVQLVESGGGLMQAGGSLRLSCAVSGRTFSTAAMGWFRQAPGKEREFVAAIRWSGGSAYYADSVKGRFTISRDKAKNTVYLQMNSLKYEDTAVYYCAQTHYVSYLLSDYATWPYDYWGQGTQVTVSS,e,PNITNLCPFGEVFNATRFASVYAWNRKRISNCVADYSVLYNSASFSTFKCYGVSPTKLNDLCFTNVYADSFVIRGDEVRQIAPGQTGKIADYNYKLPDDFTGCVIAWNSNNLDSKVGGNYNYLYRLFRKSNLKPFERDISTEIYQAGSTPCNGVEGFNCYFPLQSYGFQPTNGVGYQPYRVVVLSFELLHAPATVCGPKKSTNKHHHHHH,1.2e-08
7JVB,c,QVQLVESGGGLVQAGGSLRLSCAVSGAGAHRVGWFRRAPGKEREFVAAIGASGGMTNYLDSVKGRFTISRDNAKNTIYLQMNSLKPQDTAVYYCAARDIETAEYIYWGQGTQVTVSS,a,GRVQPTESIVRFPNITNLCPFGEVFNATRFASVYAWNRKRISNCVADYSVLYNSASFSTFKCYGVSPTKLNDLCFTNVYADSFVIRGDEVRQIAPGQTGKIADYNYKLPDDFTGCVIAWNSNNLDSKVGGNYNYLYRLFRKSNLKPFERDISTEIYQAGSTPCNGVEGFNCYFPLQSYGFQPTNGVGYQPYRVVVLSFELLHAPATVCGPKKSTNLVKNKCVNF,1e-11
7B27,c,QVQLVESGGGLVRPGGSLRLSCVGSGFTFSGYAMNWYRQAPGKALELVAGISNAGDLTHYEEPMKGRVAISRANDKNTVYLQMDDLKPEDTAVYRCHAPGVRVGTGERKDVWGQGAQVTVSS,a,RVQPTESIVRFPNITNLCPFGEVFNATRFASVYAWNRKRISNCVADYSVLYNSASFSTFKCYGVSPTKLNDLCFTNVYADSFVIRGDEVRQIAPGQTGKIADYNYKLPDDFTGCVIAWNSNNLDSKVGGNYNYLYRLFRKSNLKPFERDISTEIYQAGSTPCNGVEGFNCYFPLQSYGFQPTNGVGYQPYRVVVLSFELLHAPATVCGPKKSTNLVKNKCVN,8e-09
7KM5,c,QVQLVESGGGLVQPGGSLRLSCAASGFTFKNADMNWYRQVPGQGLEWVTSIYSDGRTVYADSVKGRFTVSRDNPKSTVSLQMNSLKPEDTGVYYCMAGSKSGHELDHWGQGTQVTVSS,b,RVQPTESIVRFPNITNLCPFGEVFNATRFASVYAWNRKRISNCVADYSVLYNSASFSTFKCYGVSPTKLNDLCFTNVYADSFVIRGDEVRQIAPGQTGKIADYNYKLPDDFTGCVIAWNSNNLDSKVGGNYNYLYRLFRKSNLKPFERDISTEIYQAGSTPCNGVEGFNCYFPLQSYGFQPTNGVGYQPYRVVVLSFELLHAPATVCGPKKSTNLVKHHHHHHHH,1.4e-08
7B14,d,QVQLVETGGGFVQPGGSLRLSCAASGVTLDYYAIGWFRQAPGKEREGVSCIGSSDGRTYYSDSVKGRFTISRDNAKNTVYLQMNSLKPEDTAVYYCALTVGTYYSGNYHYTCSDDMDYWGKGTQVTVSS,a,MFVFLVLLPLVSSQCVNLTTRTQLPPAYTNSFTRGVYYPDKVFRSSVLHSTQDLFLPFFSNVTWFHAIHVSGTNGTKRFDNPVLPFNDGVYFASTEKSNIIRGWIFGTTLDSKTQSLLIVNNATNVVIKVCEFQFCNDPFLGVYYHKNNKSWMESEFRVYSSANNCTFEYVSQPFLMDLEGKQGNFKNLREFVFKNIDGYFKIYSKHTPINLVRDLPQGFSALEPLVDLPIGINITRFQTLLALHRSYLTPGDSSSGWTAGAAAYYVGYLQPRTFLLKYNENGTITDAVDCALDPLSETKCTLKSFTVEKGIYQTSNFRVQPTESIVRFPNITNLCPFGEVFNATRFASVYAWNRKRISNCVADYSVLYNSASFSTFKCYGVSPTKLNDLCFTNVYADSFVIRGDEVRQIAPGQTGKIADYNYKLPDDFTGCVIAWNSNNLDSKVGGNYNYLYRLFRKSNLKPFERDISTEIYQAGSTPCNGVEGFNCYFPLQSYGFQPTNGVGYQPYRVVVLSFELLHAPATVCGPKKSTNLVKNKCVNFNFNGLTGTGVLTESNKKFLPFQQFGRDIADTTDAVRDPQTLEILDITPCSFGGVSVITPGTNTSNQVAVLYQDVNCTEVPVAIHADQLTPTWRVYSTGSNVFQTRAGCLIGAEHVNNSYECDIPIGAGICASYQTQTNSPGSASSVASQSIIAYTMSLGAENSVAYSNNSIAIPTNFTISVTTEILPVSMTKTSVDCTMYICGDSTECSNLLLQYGSFCTQLNRALTGIAVEQDKNTQEVFAQVKQIYKTPPIKDFGGFNFSQILPDPSKPSKRSFIEDLLFNKVTLADAGFIKQYGDCLGDIAARDLICAQKFNGLTVLPPLLTDEMIAQYTSALLAGTITSGWTFGAGAALQIPFAMQMAYRFNGIGVTQNVLYENQKLIANQFNSAIGKIQDSLSSTASALGKLQDVVNQNAQALNTLVKQLSSNFGAISSVLNDILSRLDPPEAEVQIDRLITGRLQSLQTYVTQQLIRAAEIRASANLAATKMSECVLGQSKRVDFCGKGYHLMSFPQSAPHGVVFLHVTYVPAQEKNFTTAPAICHDGKAHFPREGVFVSNGTHWFVTQRNFYEPQIITTDNTFVSGNCDVVIGIVNNTVYDPLQPELDSFKEELDKYFKNHTSPDVDLGDISGINASVVNIQKEIDRLNEVAKNLNESLIDLQELGKYEQGSGYIPEAPRDGQAYVRKDGEWVLLSTFLGRSLEVLFQGPGHHHHHHHHSAWSHPQFEKGGGSGGGGSGGSAWSHPQFEK,2e-09
7LX5,c,QVQLQESGGGLVQPGGSLRLSCAVSGFTLDYYAIGWFRQAPGKEREGVSCISSSGGNTKYADSVKGRFTASRDNAKNTFYLQMNSLKPEDTAVYYCAAIAATYYSGSYYFQCPHDGMDYWGKGTQVTVSS,b,MGGEGLRASPRRRPLLPLQPRGCPRGDGCLRGGRGRAGFGFWRVTGGSSASANHVHAFFFFLQLLGNVLVVVLSHHFGKELRPSQAEFGTATMFVFLVLLPLVSSQCVNLTTRTQLPPAYTNSFTRGVYYPDKVFRSSVLHSTQDLFLPFFSNVTWFHAIHVSGTNGTKRFDNPVLPFNDGVYFASTEKSNIIRGWIFGTTLDSKTQSLLIVNNATNVVIKVCEFQFCNDPFLGVYYHKNNKSWMESEFRVYSSANNCTFEYVSQPFLMDLEGKQGNFKNLREFVFKNIDGYFKIYSKHTPINLVRDLPQGFSALEPLVDLPIGINITRFQTLLALHRSYLTPGDSSSGWTAGAAAYYVGYLQPRTFLLKYNENGTITDAVDCALDPLSETKCTLKSFTVEKGIYQTSNFRVQPTESIVRFPNITNLCPFGEVFNATRFASVYAWNRKRISNCVADYSVLYNSASFSTFKCYGVSPTKLNDLCFTNVYADSFVIRGDEVRQIAPGQTGKIADYNYKLPDDFTGCVIAWNSNNLDSKVGGNYNYLYRLFRKSNLKPFERDISTEIYQAGSTPCNGVEGFNCYFPLQSYGFQPTNGVGYQPYRVVVLSFELLHAPATVCGPKKSTNLVKNKCVNFNFNGLTGTGVLTESNKKFLPFQQFGRDIADTTDAVRDPQTLEILDITPCSFGGVSVITPGTNTSNQVAVLYQDVNCTEVPVAIHADQLTPTWRVYSTGSNVFQTRAGCLIGAEHVNNSYECDIPIGAGICASYQTQTNSPGSASSVASQSIIAYTMSLGAENSVAYSNNSIAIPTNFTISVTTEILPVSMTKTSVDCTMYICGDSTECSNLLLQYGSFCTQLNRALTGIAVEQDKNTQEVFAQVKQIYKTPPIKDFGGFNFSQILPDPSKPSKRSPIEDLLFNKVTLADAGFIKQYGDCLGDIAARDLICAQKFNGLTVLPPLLTDEMIAQYTSALLAGTITSGWTFGAGPALQIPFPMQMAYRFNGIGVTQNVLYENQKLIANQFNSAIGKIQDSLSSTPSALGKLQDVVNQNAQALNTLVKQLSSNFGAISSVLNDILSRLDPPEAEVQIDRLITGRLQSLQTYVTQQLIRAAEIRASANLAATKMSECVLGQSKRVDFCGKGYHLMSFPQSAPHGVVFLHVTYVPAQEKNFTTAPAICHDGKAHFPREGVFVSNGTHWFVTQRNFYEPQIITTDNTFVSGNCDVVIGIVNNTVYDPLQPELDSFKEELDKYFKNHTSPDVDLGDISGINASVVNIQKEIDRLNEVAKNLNESLIDLQELGKYEQGSGYIPEAPRDGQAYVRKDGEWVLLSTFLGRSLEVLFQGPGHHHHHHHHSAWSHPQFEKGGGSGGGGSGGSAWSHPQFEK,4e-10
7LDJ,e,QVQLQESGGGLVQPGGSLRLSCAVSGFTLDYYAIGWFRQAPGKEREGVSCISSSGGNTKYADSVKGRFTASRDNAKNTFYLQMNSLKPEDTAVYYCAAIAATYYSGSYYFQCPHDGMDYWGKGTQVTVSS,b,NITNLCPFGEVFNATRFASVYAWNRKRISNCVADYSVLYNSASFSTFKCYGVSPTKLNDLCFTNVYADSFVIRGDEVRQIAPGQTGKIADYNYKLPDDFTGCVIAWNSNNLDSKVGGNYNYLYRLFRKSNLKPFERDISTEIYQAGSTPCNGVEGFNCYFPLQSYGFQPTNGVGYQPYRVVVLSFELLHAPATVCGPGS,4e-10
7C8W,a,QVQLVESGGGLVQAGGSLRLSCAASGFPVEVWRMEWYRQAPGKEREGVAAIESYGHGTRYADSVKGRFTISRDNAKNTVYLQMNSLKPEDTAVYYCNVKDDGQLAYHYDYWGQGTQVTVSA,b,AGSPNITNLCPFGEVFNATRFASVYAWNRKRISNCVADYSVLYNSASFSTFKCYGVSPTKLNDLCFTNVYADSFVIRGDEVRQIAPGQTGKIADYNYKLPDDFTGCVIAWNSNNLDSKVGGNYNYLYRLFRKSNLKPFERDISTEIYQAGSTPCNGVEGFNCYFPLQSYGFQPTNGVGYQPYRVVVLSFELLHAPATVCGPKKSTGTLEVLFQ,8.4e-08
7C8V,a,QVQLVESGGGLVQAGGSLRLSCAASGFPVYSWNMWWYRQAPGKEREWVAAIESHGDSTRYADSVKGRFTISRDNAKNTVYLQMNSLKPEDTAVYYCYVWVGHTYYGQGTQVTVSA,b,AGSPNITNLCPFGEVFNATRFASVYAWNRKRISNCVADYSVLYNSASFSTFKCYGVSPTKLNDLCFTNVYADSFVIRGDEVRQIAPGQTGKIADYNYKLPDDFTGCVIAWNSNNLDSKVGGNYNYLYRLFRKSNLKPFERDISTEIYQAGSTPCNGVEGFNCYFPLQSYGFQPTNGVGYQPYRVVVLSFELLHAPATVCGPKKSTGTLEVLFQ,1.5e-08
7KGK,b,QVQLVESGGGLVQAGGSLRLSCAASGFPVAYKTMWWYRQAPGKEREWVAAIESYGIKWTRYADSVKGRFTISRDNAKNTVYLQMNSLKPEDTAVYYCIVWVGAQYHGQGTQVTVSA,a,TNLCPFGEVFNATRFASVYAWNRKRISNCVADYSVLYNSASFSTFKCYGVSPTKLNDLCFTNVYADSFVIRGDEVRQIAPGQTGKIADYNYKLPDDFTGCVIAWNSNNLDSKVGGNYNYLYRLFRKSNLKPFERDISTEIYQAGSTPCNGVEGFNCYFPLQSYGFQPTNGVGYQPYRVVVLSFELLHAPATVCGP,7.7e-07
6yz5,f,QVQLVESGGGLMQAGGSLRLSCAVSGRTFSTAAMGWFRQAPGKEREFVAAIRWSGGSAYYADSVKGRFTISRDKAKNTVYLQMNSLKYEDTAVYYCARTENVRSLLSDYATWPYDYWGQGTQVTVSS,e,PNITNLCPFGEVFNATRFASVYAWNRKRISNCVADYSVLYNSASFSTFKCYGVSPTKLNDLCFTNVYADSFVIRGDEVRQIAPGQTGKIADYNYKLPDDFTGCVIAWNSNNLDSKVGGNYNYLYRLFRKSNLKPFERDISTEIYQAGSTPCNGVEGFNCYFPLQSYGFQPTNGVGYQPYRVVVLSFELLHAPATVCGPKKSTNKHHHHHH,3.9e-08
7z1d,f,QVQLVESGGGLMQAGGSLRLSCAVSGRTFSTAAMGWFRQAPGKEREFVAAIRWSGGSAYYADSVKGRFTISRDKAKNTVYLQMNSLKYEDTAVYYCAGSKITRSLLSDYATWPYDYWGQGTQVTVSS,e,PNITNLCPFGEVFNATRFASVYAWNRKRISNCVADYSVLYNSASFSTFKCYGVSPTKLNDLCFTNVYADSFVIRGDEVRQIAPGQTGKIADYNYKLPDDFTGCVIAWNSNNLDSKVGGNYNYLYRLFRKSNLKPFERDISTEIYQAGSTPCNGVEGFNCYFPLQSYGFQPTNGVGYQPYRVVVLSFELLHAPATVCGPKKSTNKHHHHHH,5.7e-08
7z1a,e,QVQLVESGGGLMQAGGSLRLSCAVSGRTFSTAAMGWFRQAPGKEREFVAAIRWSGGSAYYADSVKGRFTISRDKAKNTVYLQMNSLKYEDTAVYYCAQTRVTRSLLSDYATWPYDYWGQGTQVTVSS,c,PNITNLCPFGEVFNATRFASVYAWNRKRISNCVADYSVLYNSASFSTFKCYGVSPTKLNDLCFTNVYADSFVIRGDEVRQIAPGQTGKIADYNYKLPDDFTGCVIAWNSNNLDSKVGGNYNYLYRLFRKSNLKPFERDISTEIYQAGSTPCNGVEGFNCYFPLQSYGFQPTNGVGYQPYRVVVLSFELLHAPATVCGPKKSTNKHHHHHH,9.3e-07
7z1b,e,QVQLVESGGGLMQAGGSLRLSCAVSGRTFSTAAMGWFRQAPGKEREFVAAIRWSGGSAYYADSVKGRFTISRDKAKNTVYLQMNSLKYEDTAVYYCAGFSATRSLLSDYATWPYDYWGQGTQVTVSS,c,PNITNLCPFGEVFNATRFASVYAWNRKRISNCVADYSVLYNSASFSTFKCYGVSPTKLNDLCFTNVYADSFVIRGDEVRQIAPGQTGKIADYNYKLPDDFTGCVIAWNSNNLDSKVGGNYNYLYRLFRKSNLKPFERDISTEIYQAGSTPCNGVEGFNCYFPLQSYGFQPTNGVGYQPYRVVVLSFELLHAPATVCGPKKSTNKHHHHHH,6e-08
7z1c,e,QVQLVESGGGLMQAGGSLRLSCAVSGRTFSTAAMGWFRQAPGKEREFVAAIRWSGGSAYYADSVKGRFTISRDKAKNTVYLQMNSLKYEDTAVYYCASYQATRSLLSDYATWPYDYWGQGTQVTVSS,c,PNITNLCPFGEVFNATRFASVYAWNRKRISNCVADYSVLYNSASFSTFKCYGVSPTKLNDLCFTNVYADSFVIRGDEVRQIAPGQTGKIADYNYKLPDDFTGCVIAWNSNNLDSKVGGNYNYLYRLFRKSNLKPFERDISTEIYQAGSTPCNGVEGFNCYFPLQSYGFQPTNGVGYQPYRVVVLSFELLHAPATVCGPKKSTNKHHHHHH,5.3e-08
7z1e,f,QVQLVESGGGLMQAGGSLRLSCAVSGRTFSTAAMGWFRQAPGKEREFVAAIRWSGGSAYYADSVKGRFTISRDKAKNTVYLQMNSLKYEDTAVYYCARTEYVSYLLSDYATWPYDYWGQGTQVTVSS,e,PNITNLCPFGEVFNATRFASVYAWNRKRISNCVADYSVLYNSASFSTFKCYGVSPTKLNDLCFTNVYADSFVIRGDEVRQIAPGQTGKIADYNYKLPDDFTGCVIAWNSNNLDSKVGGNYNYLYRLFRKSNLKPFERDISTEIYQAGSTPCNGVEGFNCYFPLQSYGFQPTNGVGYQPYRVVVLSFELLHAPATVCGPKKSTNKHHHHHH,1.8e-08
7z6v,d,QVQLVESGGGLMQAGGSLRLSCAVSGRTFSTAAMGWFRQAPGKEREFVAAIRWSGGSAYYADSVKGRFTISRDKAKNTVYLQMNSLKYEDTAVYYCAQTRVTRSLLSDYATWPYDYWGQGTQVTVSS,a,MFVFLVLLPLVSSQCVNLTTRTQLPPAYTNSFTRGVYYPDKVFRSSVLHSTQDLFLPFFSNVTWFHAIHVSGTNGTKRFDNPVLPFNDGVYFASTEKSNIIRGWIFGTTLDSKTQSLLIVNNATNVVIKVCEFQFCNDPFLGVYYHKNNKSWMESEFRVYSSANNCTFEYVSQPFLMDLEGKQGNFKNLREFVFKNIDGYFKIYSKHTPINLVRDLPQGFSALEPLVDLPIGINITRFQTLLALHRSYLTPGDSSSGWTAGAAAYYVGYLQPRTFLLKYNENGTITDAVDCALDPLSETKCTLKSFTVEKGIYQTSNFRVQPTESIVRFPNITNLCPFGEVFNATRFASVYAWNRKRISNCVADYSVLYNSASFSTFKCYGVSPTKLNDLCFTNVYADSFVIRGDEVRQIAPGQTGKIADYNYKLPDDFTGCVIAWNSNNLDSKVGGNYNYLYRLFRKSNLKPFERDISTEIYQAGSTPCNGVEGFNCYFPLQSYGFQPTNGVGYQPYRVVVLSFELLHAPATVCGPKKSTNLVKNKCVNFNFNGLTGTGVLTESNKKFLPFQQFGRDIADTTDAVRDPQTLEILDITPCSFGGVSVITPGTNTSNQVAVLYQDVNCTEVPVAIHADQLTPTWRVYSTGSNVFQTRAGCLIGAEHVNNSYECDIPIGAGICASYQTQTNSPGSASSVASQSIIAYTMSLGAENSVAYSNNSIAIPTNFTISVTTEILPVSMTKTSVDCTMYICGDSTECSNLLLQYGSFCTQLNRALTGIAVEQDKNTQEVFAQVKQIYKTPPIKDFGGFNFSQILPDPSKPSKRSFIEDLLFNKVTLADAGFIKQYGDCLGDIAARDLICAQKFNGLTVLPPLLTDEMIAQYTSALLAGTITSGWTFGAGAALQIPFAMQMAYRFNGIGVTQNVLYENQKLIANQFNSAIGKIQDSLSSTASALGKLQDVVNQNAQALNTLVKQLSSNFGAISSVLNDILSRLDPPEAEVQIDRLITGRLQSLQTYVTQQLIRAAEIRASANLAATKMSECVLGQSKRVDFCGKGYHLMSFPQSAPHGVVFLHVTYVPAQEKNFTTAPAICHDGKAHFPREGVFVSNGTHWFVTQRNFYEPQIITTDNTFVSGNCDVVIGIVNNTVYDPLQPELDSFKEELDKYFKNHTSPDVDLGDISGINASVVNIQKEIDRLNEVAKNLNESLIDLQELGKYEQGSGYIPEAPRDGQAYVRKDGEWVLLSTFLSLLNDIFEAQKIEWHEKHHHHHH,8.2e-07
7z86,d,QVQLVESGGGLMQAGGSLRLSCAVSGRTFSTAAMGWFRQAPGKEREFVAAIRWSGGSAYYADSVKGRFTISRDKAKNTVYLQMNSLKYEDTAVYYCARTEYVSYLLSDYATWPYDYWGQGTQVTVSS,a,MFVFLVLLPLVSSQCVNLTTRTQLPPAYTNSFTRGVYYPDKVFRSSVLHSTQDLFLPFFSNVTWFHAIHVSGTNGTKRFDNPVLPFNDGVYFASTEKSNIIRGWIFGTTLDSKTQSLLIVNNATNVVIKVCEFQFCNDPFLGVYYHKNNKSWMESEFRVYSSANNCTFEYVSQPFLMDLEGKQGNFKNLREFVFKNIDGYFKIYSKHTPINLVRDLPQGFSALEPLVDLPIGINITRFQTLLALHRSYLTPGDSSSGWTAGAAAYYVGYLQPRTFLLKYNENGTITDAVDCALDPLSETKCTLKSFTVEKGIYQTSNFRVQPTESIVRFPNITNLCPFGEVFNATRFASVYAWNRKRISNCVADYSVLYNSASFSTFKCYGVSPTKLNDLCFTNVYADSFVIRGDEVRQIAPGQTGKIADYNYKLPDDFTGCVIAWNSNNLDSKVGGNYNYLYRLFRKSNLKPFERDISTEIYQAGSTPCNGVEGFNCYFPLQSYGFQPTNGVGYQPYRVVVLSFELLHAPATVCGPKKSTNLVKNKCVNFNFNGLTGTGVLTESNKKFLPFQQFGRDIADTTDAVRDPQTLEILDITPCSFGGVSVITPGTNTSNQVAVLYQDVNCTEVPVAIHADQLTPTWRVYSTGSNVFQTRAGCLIGAEHVNNSYECDIPIGAGICASYQTQTNSPGSASSVASQSIIAYTMSLGAENSVAYSNNSIAIPTNFTISVTTEILPVSMTKTSVDCTMYICGDSTECSNLLLQYGSFCTQLNRALTGIAVEQDKNTQEVFAQVKQIYKTPPIKDFGGFNFSQILPDPSKPSKRSFIEDLLFNKVTLADAGFIKQYGDCLGDIAARDLICAQKFNGLTVLPPLLTDEMIAQYTSALLAGTITSGWTFGAGAALQIPFAMQMAYRFNGIGVTQNVLYENQKLIANQFNSAIGKIQDSLSSTASALGKLQDVVNQNAQALNTLVKQLSSNFGAISSVLNDILSRLDPPEAEVQIDRLITGRLQSLQTYVTQQLIRAAEIRASANLAATKMSECVLGQSKRVDFCGKGYHLMSFPQSAPHGVVFLHVTYVPAQEKNFTTAPAICHDGKAHFPREGVFVSNGTHWFVTQRNFYEPQIITTDNTFVSGNCDVVIGIVNNTVYDPLQPELDSFKEELDKYFKNHTSPDVDLGDISGINASVVNIQKEIDRLNEVAKNLNESLIDLQELGKYEQGSGYIPEAPRDGQAYVRKDGEWVLLSTFLSLLNDIFEAQKIEWHEKHHHHHH,2.1e-08
7z9r,d,QVQLVESGGGLMQAGGSLRLSCAVSGRTFSTAAMGWFRQAPGKEREFVAAIRWSGGSAYYADSVKGRFTISRDKAKNTVYLQMNSLKYEDTAVYYCARTEYVSYLLSDYATWPYDYWGQGTQVTVSS,a,MFVFLVLLPLVSSQCVNLTTRTQLPPAYTNSFTRGVYYPDKVFRSSVLHSTQDLFLPFFSNVTWFHAIHVSGTNGTKRFDNPVLPFNDGVYFASTEKSNIIRGWIFGTTLDSKTQSLLIVNNATNVVIKVCEFQFCNDPFLGVYYHKNNKSWMESEFRVYSSANNCTFEYVSQPFLMDLEGKQGNFKNLREFVFKNIDGYFKIYSKHTPINLVRDLPQGFSALEPLVDLPIGINITRFQTLLALHRSYLTPGDSSSGWTAGAAAYYVGYLQPRTFLLKYNENGTITDAVDCALDPLSETKCTLKSFTVEKGIYQTSNFRVQPTESIVRFPNITNLCPFGEVFNATRFASVYAWNRKRISNCVADYSVLYNSASFSTFKCYGVSPTKLNDLCFTNVYADSFVIRGDEVRQIAPGQTGKIADYNYKLPDDFTGCVIAWNSNNLDSKVGGNYNYLYRLFRKSNLKPFERDISTEIYQAGSTPCNGVEGFNCYFPLQSYGFQPTNGVGYQPYRVVVLSFELLHAPATVCGPKKSTNLVKNKCVNFNFNGLTGTGVLTESNKKFLPFQQFGRDIADTTDAVRDPQTLEILDITPCSFGGVSVITPGTNTSNQVAVLYQDVNCTEVPVAIHADQLTPTWRVYSTGSNVFQTRAGCLIGAEHVNNSYECDIPIGAGICASYQTQTNSPGSASSVASQSIIAYTMSLGAENSVAYSNNSIAIPTNFTISVTTEILPVSMTKTSVDCTMYICGDSTECSNLLLQYGSFCTQLNRALTGIAVEQDKNTQEVFAQVKQIYKTPPIKDFGGFNFSQILPDPSKPSKRSFIEDLLFNKVTLADAGFIKQYGDCLGDIAARDLICAQKFNGLTVLPPLLTDEMIAQYTSALLAGTITSGWTFGAGAALQIPFAMQMAYRFNGIGVTQNVLYENQKLIANQFNSAIGKIQDSLSSTASALGKLQDVVNQNAQALNTLVKQLSSNFGAISSVLNDILSRLDPPEAEVQIDRLITGRLQSLQTYVTQQLIRAAEIRASANLAATKMSECVLGQSKRVDFCGKGYHLMSFPQSAPHGVVFLHVTYVPAQEKNFTTAPAICHDGKAHFPREGVFVSNGTHWFVTQRNFYEPQIITTDNTFVSGNCDVVIGIVNNTVYDPLQPELDSFKEELDKYFKNHTSPDVDLGDISGINASVVNIQKEIDRLNEVAKNLNESLIDLQELGKYEQGSGYIPEAPRDGQAYVRKDGEWVLLSTFLSLLNDIFEAQKIEWHEKHHHHHH,2.1e-08
7oao,F,QVQLVESGGGSVQAGGSLTLSCVASGVTLGRHAIGWFRQAPGKERERVSCIRTFDGITSYVESTKGRFTISSNNAMNTVYLQMNSLKPEDTAVYFCALGVTAACSDNPYFWGQGTQVTVSS,E,PNITNLCPFGEVFNATRFASVYAWNRKRISNCVADYSVLYNSASFSTFKCYGVSPTKLNDLCFTNVYADSFVIRGDEVRQIAPGQTGKIADYNYKLPDDFTGCVIAWNSNNLDSKVGGNYNYLYRLFRKSNLKPFERDISTEIYQAGSTPCNGVEGFNCYFPLQSYGFQPTNGVGYQPYRVVVLSFELLHAPATVCGPKKSTNKHHHHHH,9.9e-11
7oau,F,QVQLVESGGGSVQAGGSLTLSCVASGVTLGRHAIGWFRQAPGKERERVSCIRTFDGITSYVESTKGRFTISSNNAMNTVYLQMNSLKPEDTAVYFCALGVTAACSDNPYFWGQGTQVTVSS,E,PNITNLCPFGEVFNATRFASVYAWNRKRISNCVADYSVLYNSASFSTFKCYGVSPTKLNDLCFTNVYADSFVIRGDEVRQIAPGQTGKIADYNYKLPDDFTGCVIAWNSNNLDSKVGGNYNYLYRLFRKSNLKPFERDISTEIYQAGSTPCNGVEGFNCYFPLQSYGFQPTYGVGYQPYRVVVLSFELLHAPATVCGPKKSTNKHHHHHH,2.523e-9
7oap,A,QVQLVESGGGLVQPGGSLRLSCAASGFTNDFYSIAWFRQAPGKEREGVSWLSVSDNTPTYVDSVKDRFTISRHNANNTVYLQMNMLKPEDTAIYYCAAGRFAGRDTWPSSYDYWGQGTQVTVSS,E,NITNLCPFGEVFNATRFASVYAWNRKRISNCVADYSVLYNSASFSTFKCYGVSPTKLNDLCFTNVYADSFVIRGDEVRQIAPGQTGKIADYNYKLPDDFTGCVIAWNSNNLDSKVGGNYNYLYRLFRKSNLKPFERDISTEIYQAGSTPCNGVEGFNCYFPLQSYGFQPTNGVGYQPYRVVVLSFELLHAPATVCGPKKSTNKHHHHHH,6.15e-10
7oap,F,QVQLVESGGGLVKTGGSLRLSCAASGRTFSTYSMGWFRQAPGKEREFVAGMRWTGSSTFYSDSVKGRFTVSRNNAKDTVYLHMNSLKPEDTAVYYCAITTIVRAYYTEYTEADFGSWGQGTQVTVSS,E,NITNLCPFGEVFNATRFASVYAWNRKRISNCVADYSVLYNSASFSTFKCYGVSPTKLNDLCFTNVYADSFVIRGDEVRQIAPGQTGKIADYNYKLPDDFTGCVIAWNSNNLDSKVGGNYNYLYRLFRKSNLKPFERDISTEIYQAGSTPCNGVEGFNCYFPLQSYGFQPTNGVGYQPYRVVVLSFELLHAPATVCGPKKSTNKHHHHHH,2.5e-11
7oaq,A,QVQLVESGGGLVQPGGSLRLSCAASGFTNDFYSIAWFRQAPGKEREGVSWLSVSDNTPTYVDSVKDRFTISRHNANNTVYLQMNMLKPEDTAIYYCAAGRFAGRDTWPSSYDYWGQGTQVTVSS,E,PNITNLCPFGEVFNATRFASVYAWNRKRISNCVADYSVLYNSASFSTFKCYGVSPTKLNDLCFTNVYADSFVIRGDEVRQIAPGQTGKIADYNYKLPDDFTGCVIAWNSNNLDSKVGGNYNYLYRLFRKSNLKPFERDISTEIYQAGSTPCNGVEGFNCYFPLQSYGFQPTYGVGYQPYRVVVLSFELLHAPATVCGPKKSTNKHHHHHH,7.25e-10
7oaq,F,QVQLVESGGGLVKTGGSLRLSCAASGRTFSTYSMGWFRQAPGKEREFVAGMRWTGSSTFYSDSVKGRFTVSRNNAKDTVYLHMNSLKPEDTAVYYCAITTIVRAYYTEYTEADFGSWGQGTQVTVSS,E,PNITNLCPFGEVFNATRFASVYAWNRKRISNCVADYSVLYNSASFSTFKCYGVSPTKLNDLCFTNVYADSFVIRGDEVRQIAPGQTGKIADYNYKLPDDFTGCVIAWNSNNLDSKVGGNYNYLYRLFRKSNLKPFERDISTEIYQAGSTPCNGVEGFNCYFPLQSYGFQPTYGVGYQPYRVVVLSFELLHAPATVCGPKKSTNKHHHHHH,1.02e-10
4krm,b,QVKLEESGGGSVQTGGSLRLTCAASGRTSRSYGMGWFRQAPGKEREFVSGISWRGDSTGYADSVKGRFTISRDNAKNTVDLQMNSLKPEDTAIYYCAAAAGSAWYGTLYEYDYWGQGTQVTVSS,a,LEEKKVCNGIGIGEFKDSLSINATNIKHFKNCTSISGDLHILPVAFRGDSFTHTPPLDPQELDILKTVKEITGFLLIQAWPENRTDLHAFENLEIIRGRTKQHGQFSLAVVSLNITSLGLRSLKEISDGDVIISGNKNLCYANTINWKKLFGTSGQKTKIISNRGENSCKATGQVCHALCSPEGCWGPEPRDCVSCRNVSRGRECVDKHHHHHH,2.19e-07
B3-RBD,x,AVQLVESGGGLVQAGGSLRLSCAASGRTFSRYAMGWFRQAPGKERQFVAGISGSGIVTNYADSVKGRFTISRDNAKNTVYLQMNSLKPEDTAIYYCAPLILARTVDMNHWGKGTQVTVSS,x,PNITNLCPFGEVFNATRFASVYAWNRKRISNCVADYSVLYNSASFSTFKCYGVSPTKLNDLCFTNVYADSFVIRGDEVRQIAPGQTGKIADYNYKLPDDFTGCVIAWNSNNLDSKVGGNYNYLYRLFRKSNLKPFERDISTEIYQAGSTPCNGVEGFNCYFPLQSYGFQPTNGVGYQPYRVVVLSFELLHAPATVCGPKKSTNKHHHHHH,1.2e-08
D2-RBD,x,AVQLVESGGGLVQAGGSLRLSCAATGLTFTGYVMAWFRQAPGKNREFVAAVSRSGVVTRYADSVKGRFTVSRDNAKGTVNLQMNSLKPEDTAVYYCAAGRTYATSSYNHDYDYWGQGTQVTVSS,x,PNITNLCPFGEVFNATRFASVYAWNRKRISNCVADYSVLYNSASFSTFKCYGVSPTKLNDLCFTNVYADSFVIRGDEVRQIAPGQTGKIADYNYKLPDDFTGCVIAWNSNNLDSKVGGNYNYLYRLFRKSNLKPFERDISTEIYQAGSTPCNGVEGFNCYFPLQSYGFQPTNGVGYQPYRVVVLSFELLHAPATVCGPKKSTNKHHHHHH,2.133e-08
E5-RBD,x,AVQLVESGGGLVQAGGSLRLSCAATGLTFTGYVMAWFRQAPGKNREFVAAVSRSGVVTRYADSVKGRFTVSRDNAKNTVYLQMNTLNPEDTALYYCAADWHPLTGIMTTDSTEYDYWGQGTQVTVSS,x,PNITNLCPFGEVFNATRFASVYAWNRKRISNCVADYSVLYNSASFSTFKCYGVSPTKLNDLCFTNVYADSFVIRGDEVRQIAPGQTGKIADYNYKLPDDFTGCVIAWNSNNLDSKVGGNYNYLYRLFRKSNLKPFERDISTEIYQAGSTPCNGVEGFNCYFPLQSYGFQPTNGVGYQPYRVVVLSFELLHAPATVCGPKKSTNKHHHHHH,2.445e-08
E8-RBD,x,AVQLVESGGGLVQAGGSLRLSCAATGLTFTGYVMAWFRQAPGRNREFVAAVSRSGVVTRYADSVKGRFTVSRDNAKGTVNLQMNSLKPEDTAVYYCAAGRTYATSSYNHDYDYWGQGTQVTVSS,x,PNITNLCPFGEVFNATRFASVYAWNRKRISNCVADYSVLYNSASFSTFKCYGVSPTKLNDLCFTNVYADSFVIRGDEVRQIAPGQTGKIADYNYKLPDDFTGCVIAWNSNNLDSKVGGNYNYLYRLFRKSNLKPFERDISTEIYQAGSTPCNGVEGFNCYFPLQSYGFQPTNGVGYQPYRVVVLSFELLHAPATVCGPKKSTNKHHHHHH,2.8e-10
G1-RBD,x,AVQLVESGGGLVQAGGSLRLSCAATGLAFTGYVMAWFRQAPGKNREFVAAVSRSGVVTRYADSVKGRFTVSRDNAKGTVNLQMNSLKPEDTAVYYCAAGRTYATSSYNHDYDYWGQGTQVTVSS,x,PNITNLCPFGEVFNATRFASVYAWNRKRISNCVADYSVLYNSASFSTFKCYGVSPTKLNDLCFTNVYADSFVIRGDEVRQIAPGQTGKIADYNYKLPDDFTGCVIAWNSNNLDSKVGGNYNYLYRLFRKSNLKPFERDISTEIYQAGSTPCNGVEGFNCYFPLQSYGFQPTNGVGYQPYRVVVLSFELLHAPATVCGPKKSTNKHHHHHH,6.53e-09
G4-RBD,x,AVQLVESGGGLVQAGGSLRLSCAATGLTFTGYVMAWFRQAPGKNREFVAAVSRSGVVTRYADSVKGRFTVSRDNAKGTVNLQMNSLKPEDTAVYYCAAGRTYATSSYNHDYDYWGQGTQVTVSS,x,PNITNLCPFGEVFNATRFASVYAWNRKRISNCVADYSVLYNSASFSTFKCYGVSPTKLNDLCFTNVYADSFVIRGDEVRQIAPGQTGKIADYNYKLPDDFTGCVIAWNSNNLDSKVGGNYNYLYRLFRKSNLKPFERDISTEIYQAGSTPCNGVEGFNCYFPLQSYGFQPTNGVGYQPYRVVVLSFELLHAPATVCGPKKSTNKHHHHHH,1.407e-08
N4-RBD,x,MAVQLVESGGGVVQPGGSLRLSCTASGFGFSLYGMSWYRQAPGKERELVASIASGGDSTNYQDSVKGRFSMSRDNAKSTVYLQMNSLKPEDTAVYYCVAERVSSFLKIRTAYWGQGTQVTVSS,x,PNITNLCPFGEVFNATRFASVYAWNRKRISNCVADYSVLYNSASFSTFKCYGVSPTKLNDLCFTNVYADSFVIRGDEVRQIAPGQTGKIADYNYKLPDDFTGCVIAWNSNNLDSKVGGNYNYLYRLFRKSNLKPFERDISTEIYQAGSTPCNGVEGFNCYFPLQSYGFQPTNGVGYQPYRVVVLSFELLHAPATVCGPKKSTNKHHHHHH,1.31e-07
N5-RBD,x,MAVQLVESGGGLVQAGGSLRVSCEASGFLFNGDAYVLGWYRQVPGRQRELVATITSSGDTSYADSVKGRFTISRDNAKNTIFLQMSGLKPEDTAVYYCYAERWNGLLQRWGQGTQVTVSS,x,PNITNLCPFGEVFNATRFASVYAWNRKRISNCVADYSVLYNSASFSTFKCYGVSPTKLNDLCFTNVYADSFVIRGDEVRQIAPGQTGKIADYNYKLPDDFTGCVIAWNSNNLDSKVGGNYNYLYRLFRKSNLKPFERDISTEIYQAGSTPCNGVEGFNCYFPLQSYGFQPTNGVGYQPYRVVVLSFELLHAPATVCGPKKSTNKHHHHHH,2.1e-10
N6-RBD,x,MAVQLVESGGGLVQPGGSLRLSCAASGIIFRFRTISWYRQAPGKQRELVASISGGSSTSYADTVKGRFTISRDNAKNTVYLQMNSLKPEDTGVYYCAASHTMVGWIYGMDYWGKGTQVTVSS,x,PNITNLCPFGEVFNATRFASVYAWNRKRISNCVADYSVLYNSASFSTFKCYGVSPTKLNDLCFTNVYADSFVIRGDEVRQIAPGQTGKIADYNYKLPDDFTGCVIAWNSNNLDSKVGGNYNYLYRLFRKSNLKPFERDISTEIYQAGSTPCNGVEGFNCYFPLQSYGFQPTNGVGYQPYRVVVLSFELLHAPATVCGPKKSTNKHHHHHH,3.865e-08
N11-RBD,x,MAVQLVESGGGLVQAGGSLRLSCAASGSFFSINTMGWYRQAPGKQRELVAQITNAGNTNYADSVKGRFTISRDNAKNTIYLQMNSLKPEDTAVYYCNAGQLWGSYRSWGQGTQVTVSS,x,PNITNLCPFGEVFNATRFASVYAWNRKRISNCVADYSVLYNSASFSTFKCYGVSPTKLNDLCFTNVYADSFVIRGDEVRQIAPGQTGKIADYNYKLPDDFTGCVIAWNSNNLDSKVGGNYNYLYRLFRKSNLKPFERDISTEIYQAGSTPCNGVEGFNCYFPLQSYGFQPTNGVGYQPYRVVVLSFELLHAPATVCGPKKSTNKHHHHHH,3.606e-08
aRBD-2,x,QVQLVESGGGLVQAGGSLRLSCAASGRTYTMGWFRQAPGKEREFVAAMRWADTDYADSLKGRFTISRDNANNAMYLQMNSLGPEDTAVYYCAAGEAWLARSTHHYDYWGQGTQVTVS,x,PNITNLCPFGEVFNATRFASVYAWNRKRISNCVADYSVLYNSASFSTFKCYGVSPTKLNDLCFTNVYADSFVIRGDEVRQIAPGQTGKIADYNYKLPDDFTGCVIAWNSNNLDSKVGGNYNYLYRLFRKSNLKPFERDISTEIYQAGSTPCNGVEGFNCYFPLQSYGFQPTNGVGYQPYRVVVLSFELLHAPATVCGPKKSTNKHHHHHH,2.6e-09
aRBD-3,x,QVQLVESGGGLVQPGGSLRLSCAASGLTLDYYAIGWFRQAPGKEREGVSCISHPGGSTNYADSVKGRFTISRDNAKNTVYLQMNSLKPEDTAVYYCAASPLALFRLCVLPSPLPYDYWGQGTQVTVS,x,PNITNLCPFGEVFNATRFASVYAWNRKRISNCVADYSVLYNSASFSTFKCYGVSPTKLNDLCFTNVYADSFVIRGDEVRQIAPGQTGKIADYNYKLPDDFTGCVIAWNSNNLDSKVGGNYNYLYRLFRKSNLKPFERDISTEIYQAGSTPCNGVEGFNCYFPLQSYGFQPTNGVGYQPYRVVVLSFELLHAPATVCGPKKSTNKHHHHHH,3.33e-09
aRBD-5,x,QVQLVESGGGLVQPGGTLRLSCAASGFTLDYYAIGWFRQAPGKEREGVSCISGSGGITNYTDSVKGRFTISRDNAKNTVYLQMNSLKPEDTAVYYCAPVSHTVVAGCAFEAWTDFGSWGQGTQVTVS,x,PNITNLCPFGEVFNATRFASVYAWNRKRISNCVADYSVLYNSASFSTFKCYGVSPTKLNDLCFTNVYADSFVIRGDEVRQIAPGQTGKIADYNYKLPDDFTGCVIAWNSNNLDSKVGGNYNYLYRLFRKSNLKPFERDISTEIYQAGSTPCNGVEGFNCYFPLQSYGFQPTNGVGYQPYRVVVLSFELLHAPATVCGPKKSTNKHHHHHH,1.63e-08
aRBD-7,x,QLQLVESGGGLVQAGGSLRLSCAASERTFSGGVMGWFRQRPGKEREFVAAIRWNGASTFYADSVKGRFTCSRDNAKNTGYLQMNSLTPEDTAVYYCARAVRTYASSDYYFQERTYDYWGQGTQVTVS,x,PNITNLCPFGEVFNATRFASVYAWNRKRISNCVADYSVLYNSASFSTFKCYGVSPTKLNDLCFTNVYADSFVIRGDEVRQIAPGQTGKIADYNYKLPDDFTGCVIAWNSNNLDSKVGGNYNYLYRLFRKSNLKPFERDISTEIYQAGSTPCNGVEGFNCYFPLQSYGFQPTNGVGYQPYRVVVLSFELLHAPATVCGPKKSTNKHHHHHH,3.31e-09
aRBD-41,x,QVQLVESGGGLVQPGGSLRLSCAASGFTSGHYAIGWFRQAPGKEREGVSCIGSSDGSTYYADSVKGRFTISRDNAKNTVYLQMNSLKPEDTAVYYCAAGLWYGRSLNSFDYDYWGQGTQVTVS,x,PNITNLCPFGEVFNATRFASVYAWNRKRISNCVADYSVLYNSASFSTFKCYGVSPTKLNDLCFTNVYADSFVIRGDEVRQIAPGQTGKIADYNYKLPDDFTGCVIAWNSNNLDSKVGGNYNYLYRLFRKSNLKPFERDISTEIYQAGSTPCNGVEGFNCYFPLQSYGFQPTNGVGYQPYRVVVLSFELLHAPATVCGPKKSTNKHHHHHH,2.19e-08
aRBD-42,x,QLQLVESGGGLVQAGGSLRLSCAASGRTFSSATMGWFRQAPGKEREFVAAISWSGLSRYYADSVKGRFTISRDNAENTVYLQMNSLKTEDTAVYYCAADSWGCSGLGCYDARQYDVWGQGTQVTVS,x,PNITNLCPFGEVFNATRFASVYAWNRKRISNCVADYSVLYNSASFSTFKCYGVSPTKLNDLCFTNVYADSFVIRGDEVRQIAPGQTGKIADYNYKLPDDFTGCVIAWNSNNLDSKVGGNYNYLYRLFRKSNLKPFERDISTEIYQAGSTPCNGVEGFNCYFPLQSYGFQPTNGVGYQPYRVVVLSFELLHAPATVCGPKKSTNKHHHHHH,1.13e-07
aRBD-54,x,QLQLVESGGGLVQPGGSLRLSCAASGRTFGSFMGWFRQAPGQERDFVAAITWSGGSTYYADSVKGRFTISRDNAENTVYLQMNSLKPEDTAVYYCAARISSAYYTRSSSYAYWGQGTQVTVS,x,PNITNLCPFGEVFNATRFASVYAWNRKRISNCVADYSVLYNSASFSTFKCYGVSPTKLNDLCFTNVYADSFVIRGDEVRQIAPGQTGKIADYNYKLPDDFTGCVIAWNSNNLDSKVGGNYNYLYRLFRKSNLKPFERDISTEIYQAGSTPCNGVEGFNCYFPLQSYGFQPTNGVGYQPYRVVVLSFELLHAPATVCGPKKSTNKHHHHHH,5.49e-09
VHH17-HER2,x,QVQLVESGGGSVQAGGSLRLSCAASGYTYSSSCMGWFRQAPGKEREGVAGIKSTGGSKNYADSVKGRFTISQDNAKNTVYLQMNSLKPEDTAIYYCAAKYGGICSWGAILGVREYNYWGQGTLVTVSS,x,MSGAAPNQALLRILKETELRKVKVLGSGAFGTVYKGIWIPDGENVKIPVAIKVLRENTSPKANKEILDEAYVMAGVGSPYVSRLLGICLTSTVQLVTQLMPYGCLLDHVRENRGRLGSQDLLNWCMQIAKGMSYLEDVRLVHRDLAARNVLVKSPNHVKITDFGLARLLDIDETEYHADGGKVPIKWMALESILRRRFTHQSDVWSYGVTVWELMTFGAKPYDGIPAREIPDLLEKGERLPQPPICTIDVYMIMVKCWMIDSECRPRFRELVSEFSRMARDPQRFVVIQNEDLGPASPLDSTFYRSLLEDDDMGDLVDAEEYLVPQQGAAASHHHHHH,7.49e-07
Nb1-CD19,x,QVQLQESGGGSVQAGGSLRLSCAVRRPTDSRNCMAWFRQAPGEQREAVAGIDIYKTTGYAESVKGRFTISQDNAKNTLFLQMNSLKPEDSGTYYCAAARPCKYGSEWRRSASDFLYWGQGTQVTVSS,x,MPPPRLLFFLLFLTPMEVRPEEPLVVKVEEGDNAVLQCLKGTSDGPTQQLTWSRESPLKPFLKLSLGLPGLGIHMRPLAIWLFIFNVSQQMGGFYLCQPGPPSEKAWQPGWTVNVEGSGELFRWNVSDLGGLGCGLKNRSSEGPSSPSGKLMSPKLYVWAKDRPEIWEGEPPCLPPRDSLNQSLSQDLTMAPGSTLWLSCGVPPDSVSRGPLSWTHVHPKGPKSLLSLELKDDRPARDMWVMETGLLLPRATAQDAGKYYCHRGNLTMSFHLEITARPVLWHWLLRTGGWKVSAVTLAYLIFCLCSLVGILHLQRALVLRRKRKRMTDPTRRFFKVTPPPGSGPQNQYGNVLSLPTPTSGLGRAQRWAAGLGGTAPSYGNPSSDVQADGALGSRSPPGVGPEEEEGEGYEEPDSEEDSEFYENDSNLGQDQLSQDGSGYENPEDEPLGPEDEDSFSNAESYENEDEELTQPVARTMDFLSPHGSAWDPSREATSLGSQSYEDMRGILYAAPQLRSIRGQPGPNHEEDADSYENMDNPDGPDPAWGGGGRMGTWSTR,2.9e-07
Nb44-Cry1Ac,x,QVQLQESGGGSVQAGGSLRLSCATSGLTYSARITWFROAPEKEREGVATFSTGSGSFGYADSVKGRFTISQDNAKNTLYLQMNLLKPEDTAMYYCAADTSTSNRDIVLVARYKYWQQGTQVTVSS,x,MDNNPNINECIPYNCLSNPEVEVLGGERIETGYTPIDISLSLTQFLLSEFVPGAGFVLGLVDIIWGIFGPSQWDAFLVQIEQLINQRIEEFARNQAISRLEGLSNLYQIYAESFREWEADPTNPALREEMRIQFNDMNSALTTAIPLFAVQNYQVPLLSVYVQAANLHLSVLRDVSVFGQRWGFDAATINSRYNDLTRLIGNYTDYAVRWYNTGLERVWGPDSRDWVRYNQFRRELTLTVLDIVALFPNYDSRRYPIRTVSQLTREIYTNPVLENFDGSFRGSAQGIERSIRSPHLMDILNSITIYTDAHRGYYYWSGHQIMASPVGFSGPEFTFPLYGTMGNAAPQQRIVAQLGQGVYRTLSSTLYRRPFNIGINNQQLSVLDGTEFAYGTSSNLPSAVYRKSGTVDSLDEIPPQNNNVPPRQGFSHRLSHVSMFRSGFSNSSVSIIRAPMFSWIHRSAEFNNIIASDSITQIPAVKGNFLFNGSVISGPGFTGGDLVRLNSSGNNIQNRGYIEVPIHFPSTSTRYRVRVRYASVTPIHLNVNWGNSSIFSNTVPATATSLDNLQSSDFGYFESANAFTSSLGNIVGVRNFSGTAGVIIDRFEFIPVTATLEAEYNLERAQKAVNALFTSTNQLGLKTNVTDYHIDQVSNLVTYLSDEFCLDEKRELSEKVKHAKRLSDERNLLQDSNFKDINRQPERGWGGSTGITIQGGDDVFKENYVTLSGTFDECYPTYLYQKIDESKLKAFTRYQLRGYIEDSQDLEIYLIRYNAKHETVNVPGTGSLWPLSAQSPIGKCGEPNRCAPHLEWNPDLDCSCRDGEKCAHHSHHFSLDIDVGCTDLNEDLGVWVIFKIKTQDGHARLGNLEFLEEKPLVGEALARVKRAEKKWRDKREKLEWETNIVYKEAKESVDALFVNSQYDQLQADTNIAMIHAADKRVHSIREAYLPELSVIPGVNAAIFEELEGRIFTAFSLYDARNVIKNGDFNNGLSCWNVKGHVDVEEQNNQRSVLVVPEWEAEVSQEVRVCPGRGYILRVTAYKEGYGEGCVTIHEIENNTDELKFSNCVEEEIYPNNTVTCNDYTVNQEEYGGAYTSRNRGYNEAPSVPADYASVYEEKSYTDGRRENPCEFNRGYRDYTPLPVGYVTKELEYFPETDKVWIEIGETEGTFIVDSVELLLMEE,6.89e-09
Nb58-Cry1Ac,x,QVQLQESGGGLVQPGGSLRLSCTASGFTFSSYEMDWFRRAPGKELEWVAGITSGGEGTSYRNSVKGRFTISRDNAKNTLYLHLNSLKNEDTAMYYCAKDRRALGEVGQGTQVTVSS,x,MDNNPNINECIPYNCLSNPEVEVLGGERIETGYTPIDISLSLTQFLLSEFVPGAGFVLGLVDIIWGIFGPSQWDAFLVQIEQLINQRIEEFARNQAISRLEGLSNLYQIYAESFREWEADPTNPALREEMRIQFNDMNSALTTAIPLFAVQNYQVPLLSVYVQAANLHLSVLRDVSVFGQRWGFDAATINSRYNDLTRLIGNYTDYAVRWYNTGLERVWGPDSRDWVRYNQFRRELTLTVLDIVALFPNYDSRRYPIRTVSQLTREIYTNPVLENFDGSFRGSAQGIERSIRSPHLMDILNSITIYTDAHRGYYYWSGHQIMASPVGFSGPEFTFPLYGTMGNAAPQQRIVAQLGQGVYRTLSSTLYRRPFNIGINNQQLSVLDGTEFAYGTSSNLPSAVYRKSGTVDSLDEIPPQNNNVPPRQGFSHRLSHVSMFRSGFSNSSVSIIRAPMFSWIHRSAEFNNIIASDSITQIPAVKGNFLFNGSVISGPGFTGGDLVRLNSSGNNIQNRGYIEVPIHFPSTSTRYRVRVRYASVTPIHLNVNWGNSSIFSNTVPATATSLDNLQSSDFGYFESANAFTSSLGNIVGVRNFSGTAGVIIDRFEFIPVTATLEAEYNLERAQKAVNALFTSTNQLGLKTNVTDYHIDQVSNLVTYLSDEFCLDEKRELSEKVKHAKRLSDERNLLQDSNFKDINRQPERGWGGSTGITIQGGDDVFKENYVTLSGTFDECYPTYLYQKIDESKLKAFTRYQLRGYIEDSQDLEIYLIRYNAKHETVNVPGTGSLWPLSAQSPIGKCGEPNRCAPHLEWNPDLDCSCRDGEKCAHHSHHFSLDIDVGCTDLNEDLGVWVIFKIKTQDGHARLGNLEFLEEKPLVGEALARVKRAEKKWRDKREKLEWETNIVYKEAKESVDALFVNSQYDQLQADTNIAMIHAADKRVHSIREAYLPELSVIPGVNAAIFEELEGRIFTAFSLYDARNVIKNGDFNNGLSCWNVKGHVDVEEQNNQRSVLVVPEWEAEVSQEVRVCPGRGYILRVTAYKEGYGEGCVTIHEIENNTDELKFSNCVEEEIYPNNTVTCNDYTVNQEEYGGAYTSRNRGYNEAPSVPADYASVYEEKSYTDGRRENPCEFNRGYRDYTPLPVGYVTKELEYFPETDKVWIEIGETEGTFIVDSVELLLMEE,3.2e-10
Nb59-Cry1Ac,x,QVQLQESGGGLVQPGGSLRLSCAASGFTFRDYYMTWVRQAPGQGLEWVSSISFGGGRTYYADSVKGRFTISRDNPENTLYLQLSNLKTEDTAMYYCARGRPNADYDRRGQGTQVTVSS,x,MDNNPNINECIPYNCLSNPEVEVLGGERIETGYTPIDISLSLTQFLLSEFVPGAGFVLGLVDIIWGIFGPSQWDAFLVQIEQLINQRIEEFARNQAISRLEGLSNLYQIYAESFREWEADPTNPALREEMRIQFNDMNSALTTAIPLFAVQNYQVPLLSVYVQAANLHLSVLRDVSVFGQRWGFDAATINSRYNDLTRLIGNYTDYAVRWYNTGLERVWGPDSRDWVRYNQFRRELTLTVLDIVALFPNYDSRRYPIRTVSQLTREIYTNPVLENFDGSFRGSAQGIERSIRSPHLMDILNSITIYTDAHRGYYYWSGHQIMASPVGFSGPEFTFPLYGTMGNAAPQQRIVAQLGQGVYRTLSSTLYRRPFNIGINNQQLSVLDGTEFAYGTSSNLPSAVYRKSGTVDSLDEIPPQNNNVPPRQGFSHRLSHVSMFRSGFSNSSVSIIRAPMFSWIHRSAEFNNIIASDSITQIPAVKGNFLFNGSVISGPGFTGGDLVRLNSSGNNIQNRGYIEVPIHFPSTSTRYRVRVRYASVTPIHLNVNWGNSSIFSNTVPATATSLDNLQSSDFGYFESANAFTSSLGNIVGVRNFSGTAGVIIDRFEFIPVTATLEAEYNLERAQKAVNALFTSTNQLGLKTNVTDYHIDQVSNLVTYLSDEFCLDEKRELSEKVKHAKRLSDERNLLQDSNFKDINRQPERGWGGSTGITIQGGDDVFKENYVTLSGTFDECYPTYLYQKIDESKLKAFTRYQLRGYIEDSQDLEIYLIRYNAKHETVNVPGTGSLWPLSAQSPIGKCGEPNRCAPHLEWNPDLDCSCRDGEKCAHHSHHFSLDIDVGCTDLNEDLGVWVIFKIKTQDGHARLGNLEFLEEKPLVGEALARVKRAEKKWRDKREKLEWETNIVYKEAKESVDALFVNSQYDQLQADTNIAMIHAADKRVHSIREAYLPELSVIPGVNAAIFEELEGRIFTAFSLYDARNVIKNGDFNNGLSCWNVKGHVDVEEQNNQRSVLVVPEWEAEVSQEVRVCPGRGYILRVTAYKEGYGEGCVTIHEIENNTDELKFSNCVEEEIYPNNTVTCNDYTVNQEEYGGAYTSRNRGYNEAPSVPADYASVYEEKSYTDGRRENPCEFNRGYRDYTPLPVGYVTKELEYFPETDKVWIEIGETEGTFIVDSVELLLMEE,1.8e-09
Nb61-Cry1Ac,x,QVQLQESGGGSVQAGGSLRLSCEASENTYNSVYMAWFRQAPEKEREGVAVLSTGGGRTYYTDSVKGRFTISRDNAKNMVYLQMNSLKPDDTAMYYCAATYTGDSYGPSLYYLTPGRYEYWGQGTQVTVSS,x,MDNNPNINECIPYNCLSNPEVEVLGGERIETGYTPIDISLSLTQFLLSEFVPGAGFVLGLVDIIWGIFGPSQWDAFLVQIEQLINQRIEEFARNQAISRLEGLSNLYQIYAESFREWEADPTNPALREEMRIQFNDMNSALTTAIPLFAVQNYQVPLLSVYVQAANLHLSVLRDVSVFGQRWGFDAATINSRYNDLTRLIGNYTDYAVRWYNTGLERVWGPDSRDWVRYNQFRRELTLTVLDIVALFPNYDSRRYPIRTVSQLTREIYTNPVLENFDGSFRGSAQGIERSIRSPHLMDILNSITIYTDAHRGYYYWSGHQIMASPVGFSGPEFTFPLYGTMGNAAPQQRIVAQLGQGVYRTLSSTLYRRPFNIGINNQQLSVLDGTEFAYGTSSNLPSAVYRKSGTVDSLDEIPPQNNNVPPRQGFSHRLSHVSMFRSGFSNSSVSIIRAPMFSWIHRSAEFNNIIASDSITQIPAVKGNFLFNGSVISGPGFTGGDLVRLNSSGNNIQNRGYIEVPIHFPSTSTRYRVRVRYASVTPIHLNVNWGNSSIFSNTVPATATSLDNLQSSDFGYFESANAFTSSLGNIVGVRNFSGTAGVIIDRFEFIPVTATLEAEYNLERAQKAVNALFTSTNQLGLKTNVTDYHIDQVSNLVTYLSDEFCLDEKRELSEKVKHAKRLSDERNLLQDSNFKDINRQPERGWGGSTGITIQGGDDVFKENYVTLSGTFDECYPTYLYQKIDESKLKAFTRYQLRGYIEDSQDLEIYLIRYNAKHETVNVPGTGSLWPLSAQSPIGKCGEPNRCAPHLEWNPDLDCSCRDGEKCAHHSHHFSLDIDVGCTDLNEDLGVWVIFKIKTQDGHARLGNLEFLEEKPLVGEALARVKRAEKKWRDKREKLEWETNIVYKEAKESVDALFVNSQYDQLQADTNIAMIHAADKRVHSIREAYLPELSVIPGVNAAIFEELEGRIFTAFSLYDARNVIKNGDFNNGLSCWNVKGHVDVEEQNNQRSVLVVPEWEAEVSQEVRVCPGRGYILRVTAYKEGYGEGCVTIHEIENNTDELKFSNCVEEEIYPNNTVTCNDYTVNQEEYGGAYTSRNRGYNEAPSVPADYASVYEEKSYTDGRRENPCEFNRGYRDYTPLPVGYVTKELEYFPETDKVWIEIGETEGTFIVDSVELLLMEE,6.09e-09
B1-4-WTRBD,x,VQLVESGGGLVQPGGSLRLSCAPSGVVSGISLMAWYRQAPGRQRELVAKINVDSNTNYADSVKGRFTASRDDAKNTVYLCMDNLKPEDTAVYYCNGDILIDDEEGFRFFDSWGQGTQVTVSS,x,RVQPTESIVRFPNITNLCPFGEVFNATRFASVYAWNRKRISNCVADYSVLYNSASFSTFKCYGVSPTKLNDLCFTNVYADSFVIRGDEVRQIAPGQTGKIADYNYKLPDDFTGCVIAWNSNNLDSKVGGNYNYLYRLFRKSNLKPFERDISTEIYQAGSTPCNGVEGFNCYFPLQSYGFQPTNGVGYQPYRVVVLSFELLHAPATVCGPKKSTNLVKNKCVNF,1.61e-08
C1-5,x,VQLVESGGGLVQAGGSLRLSCAASGRTFGLVTMGWFRQAPGREREFVAAFVWDEGRTYYADFVEGRFSMFGDKAKNTVFLCMNDLKYEDTAVYYCAADRNLFLRNYVDQAEYDYWGQGTQVTVSS,x,RVQPTESIVRFPNITNLCPFGEVFNATRFASVYAWNRKRISNCVADYSVLYNSASFSTFKCYGVSPTKLNDLCFTNVYADSFVIRGDEVRQIAPGQTGKIADYNYKLPDDFTGCVIAWNSNNLDSKVGGNYNYLYRLFRKSNLKPFERDISTEIYQAGSTPCNGVEGFNCYFPLQSYGFQPTNGVGYQPYRVVVLSFELLHAPATVCGPKKSTNLVKNKCVNF,3.17e-07
B-B2,x,VQLVESGGATVQPGGSLRLSQSVSGFTSKFTLADYHIAWFRQAPGREREGVSCASSGGDSTHYAEFAKGRFTISRDNAKNTIYLEMKNLKPEDTAVYYCAADYSTWPPVCGPSGPSDTMDHWGKGTQVTVSS,x,RVQPTESIVRFPNITNLCPFGEVFNATRFASVYAWNRKRISNCVADYSVLYNSASFSTFKCYGVSPTKLNDLCFTNVYADSFVIRGDEVRQIAPGQTGKIADYNYKLPDDFTGCVIAWNSNNLDSKVGGNYNYLYRLFRKSNLKPFERDISTEIYQAGSTPCNGVEGFNCYFPLQSYGFQPTNGVGYQPYRVVVLSFELLHAPATVCGPKKSTNLVKNKCVNF,3.79e-07
B2-3,x,VQLVESGGGLVQAGDSLRLSQAASGRRSYAMGWFRQAPGREREFVAVISRSGGSTRYADSVKGRFTISRDNAKNTVYLCMSSLEPEDTAVYYCARGAAGRPSPSPDDYVYWGCGTQVTVSS,x,RVQPTESIVRFPNITNLCPFGEVFNATRFASVYAWNRKRISNCVADYSVLYNSASFSTFKCYGVSPTKLNDLCFTNVYADSFVIRGDEVRQIAPGQTGKIADYNYKLPDDFTGCVIAWNSNNLDSKVGGNYNYLYRLFRKSNLKPFERDISTEIYQAGSTPCNGVEGFNCYFPLQSYGFQPTNGVGYQPYRVVVLSFELLHAPATVCGPKKSTNLVKNKCVNF,3.37e-09
B1-4-OmicronRBD,x,VQLVESGGGLVQPGGSLRLSCAPSGVVSGISLMAWYRQAPGRQRELVAKINVDSNTNYADSVKGRFTASRDDAKNTVYLCMDNLKPEDTAVYYCNGDILIDDEEGFRFFDSWGQGTQVTVSS,x,RVQPTESIVRFPNITNLCPFDEVFNATRFASVYAWNRKRISNCVADYSVLYNLAPFFTFKCYGVSPTKLNDLCFTNVYADSFVIRGDEVRQIAPGQTGNIADYNYKLPDDFTGCVIAWNSNKLDSKVSGNYNYLYRLFRKSNLKPFERDISTEIYQAGNKPCNGVAGFNCYFPLRSYSFRPTYGVGHQPYRVVVLSFELLHAPATVCGPKKSTNLVKNKCVNF,1.1e-06
C1-5,x,VQLVESGGGLVQAGGSLRLSCAASGRTFGLVTMGWFRQAPGREREFVAAFVWDEGRTYYADFVEGRFSMFGDKAKNTVFLCMNDLKYEDTAVYYCAADRNLFLRNYVDQAEYDYWGQGTQVTVSS,x,RVQPTESIVRFPNITNLCPFDEVFNATRFASVYAWNRKRISNCVADYSVLYNLAPFFTFKCYGVSPTKLNDLCFTNVYADSFVIRGDEVRQIAPGQTGNIADYNYKLPDDFTGCVIAWNSNKLDSKVSGNYNYLYRLFRKSNLKPFERDISTEIYQAGNKPCNGVAGFNCYFPLRSYSFRPTYGVGHQPYRVVVLSFELLHAPATVCGPKKSTNLVKNKCVNF,5.93e-07
B-B2,x,VQLVESGGATVQPGGSLRLSQSVSGFTSKFTLADYHIAWFRQAPGREREGVSCASSGGDSTHYAEFAKGRFTISRDNAKNTIYLEMKNLKPEDTAVYYCAADYSTWPPVCGPSGPSDTMDHWGKGTQVTVSS,x,RVQPTESIVRFPNITNLCPFDEVFNATRFASVYAWNRKRISNCVADYSVLYNLAPFFTFKCYGVSPTKLNDLCFTNVYADSFVIRGDEVRQIAPGQTGNIADYNYKLPDDFTGCVIAWNSNKLDSKVSGNYNYLYRLFRKSNLKPFERDISTEIYQAGNKPCNGVAGFNCYFPLRSYSFRPTYGVGHQPYRVVVLSFELLHAPATVCGPKKSTNLVKNKCVNF,4.9e-08
B2-3,x,VQLVESGGGLVQAGDSLRLSQAASGRRSYAMGWFRQAPGREREFVAVISRSGGSTRYADSVKGRFTISRDNAKNTVYLCMSSLEPEDTAVYYCARGAAGRPSPSPDDYVYWGCGTQVTVSS,x,RVQPTESIVRFPNITNLCPFDEVFNATRFASVYAWNRKRISNCVADYSVLYNLAPFFTFKCYGVSPTKLNDLCFTNVYADSFVIRGDEVRQIAPGQTGNIADYNYKLPDDFTGCVIAWNSNKLDSKVSGNYNYLYRLFRKSNLKPFERDISTEIYQAGNKPCNGVAGFNCYFPLRSYSFRPTYGVGHQPYRVVVLSFELLHAPATVCGPKKSTNLVKNKCVNF,4.02e-06
NAB1-N,x,EVQLQASGGGLVRPGGSLRLSCAASGFTFSSYAMMWVRQAPGKGLEWVSAINGGGGSTSYADSVKGRFTISRDNAKNTLYLQMNSLKPEDTAVYYCAKYQAAVHQEKEDYWGQGTQVTVSS,x,GLPNNTASWFTALTQHGKEDLKFPRGQGVPINTNSSPDDQIGYYRRATRRIRGGDGKMKDLSPRWYFYYLGTGPEAGLPYGANKDGIJWVATEGALNTPKDHIGTRNPANNAAVLQLPQGTTLPKGFYAEGGGSGGGSGGGSSKKKRQKRTATAVNWYTOAFGRRGPEGTQGNFGDQELIRQGTDYKHWPQIAQFAPSASAFFGMSRIGMEVTPSGTWLTYTGAIKLDDKDPNFKDQVILLNKHIDAYKITP,7.4e-09
NAB2-N,x,EVQLQASGGGLVQAGGSLRLSCAASGRTDSTQHMAWFRQAPGKEREFVTAIQWRGGGTSYTDSVKGRFTISRDNAKNTVYLEMNSLKPEDTAVYYCATNTRWTYFSPTVPDRYDYWGQGTQVTVSS,x,GLPNNTASWFTALTQHGKEDLKFPRGQGVPINTNSSPDDQIGYYRRATRRIRGGDGKMKDLSPRWYFYYLGTGPEAGLPYGANKDGIJWVATEGALNTPKDHIGTRNPANNAAVLQLPQGTTLPKGFYAEGGGSGGGSGGGSSKKKRQKRTATAVNWYTOAFGRRGPEGTQGNFGDQELIRQGTDYKHWPQIAQFAPSASAFFGMSRIGMEVTPSGTWLTYTGAIKLDDKDPNFKDQVILLNKHIDAYKITP,2.3e-09
NTV1-VEGFR,x,MAQVQLLESGGGLVQPGGSRLSCAASGYSVINDFMTWVRQAPGKGLEWVSSISVADGSTYYADSVKGRFTISRDNSKNTLYLQMNSLRAEDTAVYYCAARVGGRDLGWPYELDYWGQGTLVTVSS,x,GYRIYDVVLSPHSGIELSVGEKLVLNCTARTELNVGIDFNWEYPSSKHQHKKLVNRDLKTQSGSEMKKFLSTLTIDGVTRSDQGLYTCAASSGLMTKKNSTFVRVHEKPFVAFGSGMESLV,4.9e-08
v80-GRP78,x,EVQLQQSGGGSVQAGGSLRLSCVASGYTRIHNHVGWFRQDSGKEREGVAAIYTGDGTQTYAASVKGRFTISHDNANNTVYLQMNSLKPEGTGMYYCAQGAYSDIPLLIYDYDTWGQGTLVTVSS,x,MKLSLVAAMLLLLSAARAEEEDKKEDVGTVVGIDLGTTYSCVGVFKNGRVEIIANDQGNRITPSYVAFTPEGERLIGDAAKNQLTSNPENTVFDAKRLIGRTWNDPSVQQDIKFLPFKVVEKKTKPYIQVDIGGGQTKTFAPEEISAMVLTKMKETAEAYLGKKVTHAVVTVPAYFNDAQRQATKDAGTIAGLNVMRIINEPTAAAIAYGLDKREGEKNILVFDLGGGTFDVSLLTIDNGVFEVVATNGDTHLGGEDFDQRVMEHFIKLYKKKTGKDVRKDNRAVQKLRREVEKAKRALSSQHQARIEIESFYEGEDFSETLTRAKFEELNMDLFRSTMKPVQKVLEDSDLKKSDIDEIVLVGGSTRIPKIQQLVKEFFNGKEPSRGINPDEAVAYGAAVQAGVLSGDQDTGDLVLLDVCPLTLGIETVGGVMTKLIPRNTVVPTKKSQIFSTASDNQPTVTIKVYEGERPLTKDNHLLGTFDLTGIPPAPRGVPQIEVTFEIDVNGILRVTAEDKGTGNKNKITITNDQNRLTPEEIERMVNDAEKFAEEDKKLKERIDTRNELESYAYSLKNQIGDKEKLGGKLSSEDKETMEKAVEEKIEWLESHQDADIEDFKAKKKELEEIVQPIISKLYGSAGPPPTGEEDTAEKDEL,2.1e-07
sb14-RBD,x,QVQLVESGGGLVQAGGSLRLSCAASGFPVQAREMEWYRQAPGKEREWVAAIKSTGTYTAYAYSVKGRFTISRDNAKNTVYLQMNSLKPEDTAVYYCYVYVGSSYIGQGTQVTVSS,x,PNITNLCPFGEVFNATRFASVYAWNRKRISNCVADYSVLYNSASFSTFKCYGVSPTKLNDLCFTNVYADSFVIRGDEVRQIAPGQTGKIADYNYKLPDDFTGCVIAWNSNNLDSKVGGNYNYLYRLFRKSNLKPFERDISTEIYQAGSTPCNGVEGFNCYFPLQSYGFQPTNGVGYQPYRVVVLSFELLHAPATVCGPKKSTNKHHHHHH,2.4e-07
sb16-RBD,x,QVQLVESGGGLVQAGGSLRLSCAASGFPVAYKTMWWYRQAPGKEREWVAAIESYGIKWTRYADSVKGRFTISRDNAKNTVYLQMNSLKPEDTAVYYCIVWVGAQYHGQGTQVTVSS,x,PNITNLCPFGEVFNATRFASVYAWNRKRISNCVADYSVLYNSASFSTFKCYGVSPTKLNDLCFTNVYADSFVIRGDEVRQIAPGQTGKIADYNYKLPDDFTGCVIAWNSNNLDSKVGGNYNYLYRLFRKSNLKPFERDISTEIYQAGSTPCNGVEGFNCYFPLQSYGFQPTNGVGYQPYRVVVLSFELLHAPATVCGPKKSTNKHHHHHH,5e-06
sb45-RBD,x,QVQLVESGGGLVQAGGSLRLSCAASGFPVYRDRMAWYRQAPGKEREWVAAIYSAGQQTRYADSVKGRFTISRDNAKNTVYLQMNSLKPEDTAVYYCNVKDVGHHYEYYDYWGQGTQVTVSS,x,PNITNLCPFGEVFNATRFASVYAWNRKRISNCVADYSVLYNSASFSTFKCYGVSPTKLNDLCFTNVYADSFVIRGDEVRQIAPGQTGKIADYNYKLPDDFTGCVIAWNSNNLDSKVGGNYNYLYRLFRKSNLKPFERDISTEIYQAGSTPCNGVEGFNCYFPLQSYGFQPTNGVGYQPYRVVVLSFELLHAPATVCGPKKSTNKHHHHHH,3.8e-07
sb68-RBD,x,QVQLVESGGGSVQAGGSLRLSCAASGSISSITYLGWFRQAPGKEREGVAALITVNGHTYYADSVKGRFTVSLDNAKNTVYLQMNSLKPEDTALYYCAAAAWGYAWPLHQDDYWYWGQGTQVTVSS,x,PNITNLCPFGEVFNATRFASVYAWNRKRISNCVADYSVLYNSASFSTFKCYGVSPTKLNDLCFTNVYADSFVIRGDEVRQIAPGQTGKIADYNYKLPDDFTGCVIAWNSNNLDSKVGGNYNYLYRLFRKSNLKPFERDISTEIYQAGSTPCNGVEGFNCYFPLQSYGFQPTNGVGYQPYRVVVLSFELLHAPATVCGPKKSTNKHHHHHH,5.29e-06
sc180,x,ALTLDESGGGLQTPGGALSLVCKASGFTFSSYGMGWVRQAPGKGLEWVAGIQNDDTGTYYGAAVKGRATISRDNGQSTVRLQLNNLRAEDTGTYYCAKDASSDGGYGGDSIDAWGHGTEVIVSS,x,MADGSSDAAREPRPAPAPIRRRSSNYRAYATEPHAKKKSKISASRKLQLKTLLLQIAKQELEREAEERRGEKGRALSTRCQPLELAGLGFAELQDLCRQLHARVDKVDEERYDIEAKVTKNITEIADLTQKIFDLRGKFKRPTLRRVRISADAMMQALLGARAKESLDLRAHLKQVKKEDTEKENREVGDWRKNIDALSGMEGRKKKFES,1.797e-05
scB8,x,AVTLDESGGGLQTPGGALSLVCKASGFTFSSYAMGWVRQAPGKGLEWVAGISDDGDSYISYATAVKGRATISRDNGQSTVRLQLNNLRAEDTATYYCARSHCSGCRNAALIDAWGHGTEVIVSS,x,MWVPVVFLTLSVTWIGAAPLILSRIVGGWECEKHSQPWQVLVASRGRAVCGGVLVHPQWVLTAAHCIRNKSVILLGRHSLFHPEDTGQVFQVSHSFPHPLYDMSLLKNRFLRPGDDSSHDLMLLRLSEPAELTDAVKVMDLPTQEPALGTTCYASGWGSIEPEEFLTPKKLQCVDLHVISNDVCAQVHPQKVTKFMLCAGRWTGGKSTCSGDSGGPLVCNGVLQGITSWGSEPCALPERPSLYTKVVHYRKWIKDTIVANP,1.001e-09
3CNB-VC1,x,QVQLVESGGGLVQAGGSLRLSCGASGSIFSIHTMGWYRQAPGQERELVAAISSFGSTYYADSVKGRFTISRDNAKNTLYLQVNSLKPEDTAMYYCVGREHHNGPYDYWGQGTQVTVSS,x,ITARIGEPLVLKCKGAPKKPPQRLEWKLNTGRTEAWKVLSPQGGGPWDSVARVLPNGSLFLPAVGIQDEGIFRCQAMNRNGKETKSNYRVRVYQIPGKPEIVDSASELTAGVPNKVGTCVSEGSYPAGTLSWHLDGKPLVPNEKGVSVKEQTRRHPETGLFTLQSELMVTPARGGDPRPTFSCSFSPGLPRHRALRTAPIQPRVWEPVPLEEVQLVVEPEGGAVAPGGTVTLTCEVPAQPSPQIHWMKDGVPLPLPPSPVLILPEIGPQDQGTYSCVATHSSHGP,5.5e-10
4BNB-VC1,x,QVQLVESGGGLVQAGGSLRLSCAASGRTFSDYVMGWFQQAPGKEREFVAAISWSGGKTYYTDSVKGRFTISRDNAKNTVYLQMNSLKPEDTAVYYCAAGSGRGTYDYWGQGTQVTVSS,x,ITARIGEPLVLKCKGAPKKPPQRLEWKLNTGRTEAWKVLSPQGGGPWDSVARVLPNGSLFLPAVGIQDEGIFRCQAMNRNGKETKSNYRVRVYQIPGKPEIVDSASELTAGVPNKVGTCVSEGSYPAGTLSWHLDGKPLVPNEKGVSVKEQTRRHPETGLFTLQSELMVTPARGGDPRPTFSCSFSPGLPRHRALRTAPIQPRVWEPVPLEEVQLVVEPEGGAVAPGGTVTLTCEVPAQPSPQIHWMKDGVPLPLPPSPVLILPEIGPQDQGTYSCVATHSSHGP,6.2e-10
5ENB-VC1,x,QLQLVESGGGLVQAGGSLRLSCAASTRAFSNYAIGWFRQAPGKEREFVAAISWSGASTYYADSVKGRCTISRDDSKNTVYLQMNSLKPEDTGVYYCAAQEGDTRRYDYWGQGTQVIVSS,x,ITARIGEPLVLKCKGAPKKPPQRLEWKLNTGRTEAWKVLSPQGGGPWDSVARVLPNGSLFLPAVGIQDEGIFRCQAMNRNGKETKSNYRVRVYQIPGKPEIVDSASELTAGVPNKVGTCVSEGSYPAGTLSWHLDGKPLVPNEKGVSVKEQTRRHPETGLFTLQSELMVTPARGGDPRPTFSCSFSPGLPRHRALRTAPIQPRVWEPVPLEEVQLVVEPEGGAVAPGGTVTLTCEVPAQPSPQIHWMKDGVPLPLPPSPVLILPEIGPQDQGTYSCVATHSSHGP,4.1e-10
vhh10-InIA,x,ELQLVESGGGLVQAGGSLTVSCAASGSAFSVNVMGWSRQAPGKERELVAGITRRGNTYYADTVKGRFTISRDNAKNTLYLQMNSLKPEDTAMYYCAALADIATMGPNDYWGQGTQVTVSS,x,SATITQDTPINQIFTDTALAEKMKTVLGKTNVTDTVSQTDLDQVTTLQADRLGIKSIDGVEYLNNLTQINFSNNQLTDITPLKNLTKLVDILMNNNQIADITPLANLTNLTGLTLFNNQITDIDPLKNLTNLNRLELSSNTISDISALSGLTSLQQLSFGNQVTDLKPLANLTTLERLDISSNKVSDISVLAKLTNLESLIATNNQISDITPLGILTNLDELSLNGNQLKDIGTLASLTNLTDLDLANNQISNLAPLSGLTKLTELKLGANQISNISPLAGLTALTNLELNENQLEDISPISNLKNLTYLTLYFNNISDISPVSSLTKLQRLFFYNNKVSDVSSLANLTNINWLSAGHNQISDLTPLANLTRITQLGLNDQAWTNAPVNYKANVSIPNTVKNVTGALIAPATISDGGSYTEPDITWNLPSYTNEVSYTFSQPVTIGKGTTTFSGTVTQPLKA,0.000696
vhh24-InIA,x,EVQLVESGGGLVQPGGSLRLSCAASGFTLDRYAIGWFRQAPGKEREGVSVISDTITAYRNSVKGRFTISRDNAKNTVYLQMNRLKPEDTAIYYCAVRDRGRVYSSTWSGFGSWGQGTQVTISS,x,SATITQDTPINQIFTDTALAEKMKTVLGKTNVTDTVSQTDLDQVTTLQADRLGIKSIDGVEYLNNLTQINFSNNQLTDITPLKNLTKLVDILMNNNQIADITPLANLTNLTGLTLFNNQITDIDPLKNLTNLNRLELSSNTISDISALSGLTSLQQLSFGNQVTDLKPLANLTTLERLDISSNKVSDISVLAKLTNLESLIATNNQISDITPLGILTNLDELSLNGNQLKDIGTLASLTNLTDLDLANNQISNLAPLSGLTKLTELKLGANQISNISPLAGLTALTNLELNENQLEDISPISNLKNLTYLTLYFNNISDISPVSSLTKLQRLFFYNNKVSDVSSLANLTNINWLSAGHNQISDLTPLANLTRITQLGLNDQAWTNAPVNYKANVSIPNTVKNVTGALIAPATISDGGSYTEPDITWNLPSYTNEVSYTFSQPVTIGKGTTTFSGTVTQPLKA,0.000194
DF5-BoNTATd,x,DVQLQASGGGLVQAGGSLRLACLVSARADSTNGYAWFRQGPGKEREFVAAISRGGTGTYYGDFVKGRFTISRDNAKNTVYLQMNSLTPEDTASYACAVSRYSFATPRTPSDYTYWGRGTQVTVSS,x,MPFVNKQFNYKDPVNGVDIAYIKIPNAGQMQPVKAFKIHNKIWVIPERDTFTNPEEGDLNPPPEAKQVPVSYYDSTYLSTDNEKDNYLKGVTKLFERIYSTDLGRMLLTSIVRGIPFWGGSTIDTELKVIDTNCINVIQPDGSYRSEELNLVIIGPSADIIQFECKSFGHDVLNLTRNGYGSTQYIRFSPDFTFGFEESLEVDTNPLLGAGKFATDPAVTLAHELIHAEHRLYGIAINPNRVFKVNTNAYYEMSGLEVSFEELRTFGGHDAKFIDSLQENEFRLYYYNKFKDVASTLNKAKSIIGTTASLQYMKNVFKEKYLLSEDTSGKFSVDKLKFDKLYKMLTEIYTEDNFVNFFKVINRKTYLNFDKAVFRINIVPDENYTIKDGFNLKGANLSTNFNGQNTEINSRNFTRLKNFTGLFEFYKLLCVRGIIPFKTKSLDEGYNKALNDLCIKVNNWDLFFSPSEDNFTNDLDKVEEITADTNIEAAEENISLDLIQQYYLTFDFDNEPENISIENLSSDIIGQLEPMPNIERFPNGKKYELDKYTMFHYLRAQEFEHGDSRIILTNSAEEALLKPNVAYTFFSSKYVKKINKAVEAFMFLNWAEELVYDFTDETNEVTTMDKIADITIIVPYIGPALNIGNMLSKGEFVEAIIFTGVVAMLEFIPEYALPVFGTFAIVSYIANKVLTVQTINNALSKRNEKWDEVYKYTVTNWLAKVNTQIDLIREKMKKALENQAEATKAIINYQYNQYTEEEKNNINFNIDDLSSKLNESINSAMININKFLDQCSVSYLMNSMIPYAVKRLKDFDASVRDVLLKYIYDNRGTLVLQVDRLKDEVNNTLSADIPFQLSKYVDNKKLLSTFTEYIKNIVNTSILSIVYKKDDLIDLSRYGAKINIGDRVYYDSIDKNQIKLINLESSTIEVILKNAIVYNSMYENFSTSFWIKIPKYFSKINLNNEYTIINCIENNSGWKVSLNYGEIIWTLQDNKQNIQRVVFKYSQMVNISDYINRWIFVTITNNRLTKSKIYINGRLIDQKPISNLGNIHASNKIMFKLDGCRDPRRYIMIKYFNLFDKELNEKEIKDLYDSQSNSGILKDFWGNYLQYDKPYYMLNLFDPNKYVDVNNIGIRGYMYLKGPRGSVVTTNIYLNSTLYEGTKFIIKKYASGNEDNIVRNNDRVYINVVVKNKEYRLATNASQAGVEKILSALEIPDVGNLSQVVVMKSKDDQGIRNKCKMNLQDNNGNDIGFIGFHLYDNIAKLVASNWYNRQVGKASRTFGCSWEFIPVDDGWGESSL,1.3e-07
DA5-BoNTATd,x,EVQLQASGGGLVQAGGSLRLSCAASGRAGDRNGIAWFRQPPGKEREFLAAISRGGTGTYYADSKGRFTISRDNAENTVYLQMNSLKPEDTAVYYCAVSRYSFATPRTASDYNYWGRGTQVTVSS,x,MPFVNKQFNYKDPVNGVDIAYIKIPNAGQMQPVKAFKIHNKIWVIPERDTFTNPEEGDLNPPPEAKQVPVSYYDSTYLSTDNEKDNYLKGVTKLFERIYSTDLGRMLLTSIVRGIPFWGGSTIDTELKVIDTNCINVIQPDGSYRSEELNLVIIGPSADIIQFECKSFGHDVLNLTRNGYGSTQYIRFSPDFTFGFEESLEVDTNPLLGAGKFATDPAVTLAHELIHAEHRLYGIAINPNRVFKVNTNAYYEMSGLEVSFEELRTFGGHDAKFIDSLQENEFRLYYYNKFKDVASTLNKAKSIIGTTASLQYMKNVFKEKYLLSEDTSGKFSVDKLKFDKLYKMLTEIYTEDNFVNFFKVINRKTYLNFDKAVFRINIVPDENYTIKDGFNLKGANLSTNFNGQNTEINSRNFTRLKNFTGLFEFYKLLCVRGIIPFKTKSLDEGYNKALNDLCIKVNNWDLFFSPSEDNFTNDLDKVEEITADTNIEAAEENISLDLIQQYYLTFDFDNEPENISIENLSSDIIGQLEPMPNIERFPNGKKYELDKYTMFHYLRAQEFEHGDSRIILTNSAEEALLKPNVAYTFFSSKYVKKINKAVEAFMFLNWAEELVYDFTDETNEVTTMDKIADITIIVPYIGPALNIGNMLSKGEFVEAIIFTGVVAMLEFIPEYALPVFGTFAIVSYIANKVLTVQTINNALSKRNEKWDEVYKYTVTNWLAKVNTQIDLIREKMKKALENQAEATKAIINYQYNQYTEEEKNNINFNIDDLSSKLNESINSAMININKFLDQCSVSYLMNSMIPYAVKRLKDFDASVRDVLLKYIYDNRGTLVLQVDRLKDEVNNTLSADIPFQLSKYVDNKKLLSTFTEYIKNIVNTSILSIVYKKDDLIDLSRYGAKINIGDRVYYDSIDKNQIKLINLESSTIEVILKNAIVYNSMYENFSTSFWIKIPKYFSKINLNNEYTIINCIENNSGWKVSLNYGEIIWTLQDNKQNIQRVVFKYSQMVNISDYINRWIFVTITNNRLTKSKIYINGRLIDQKPISNLGNIHASNKIMFKLDGCRDPRRYIMIKYFNLFDKELNEKEIKDLYDSQSNSGILKDFWGNYLQYDKPYYMLNLFDPNKYVDVNNIGIRGYMYLKGPRGSVVTTNIYLNSTLYEGTKFIIKKYASGNEDNIVRNNDRVYINVVVKNKEYRLATNASQAGVEKILSALEIPDVGNLSQVVVMKSKDDQGIRNKCKMNLQDNNGNDIGFIGFHLYDNIAKLVASNWYNRQVGKASRTFGCSWEFIPVDDGWGESSL,5.56e-07
NA6-BoNTATd,x,EVQLQASGGGLVQVGGGLRLSCLVSGRAENRNGLAWFRQAPMKEREFVAAISRGGTGTYYADSVKGRFTISRDNAENTVYLQMNSLKPEDTAVYICAHSRYSFATPRTASDYDYWGQGTQVTVSS,x,MPFVNKQFNYKDPVNGVDIAYIKIPNAGQMQPVKAFKIHNKIWVIPERDTFTNPEEGDLNPPPEAKQVPVSYYDSTYLSTDNEKDNYLKGVTKLFERIYSTDLGRMLLTSIVRGIPFWGGSTIDTELKVIDTNCINVIQPDGSYRSEELNLVIIGPSADIIQFECKSFGHDVLNLTRNGYGSTQYIRFSPDFTFGFEESLEVDTNPLLGAGKFATDPAVTLAHELIHAEHRLYGIAINPNRVFKVNTNAYYEMSGLEVSFEELRTFGGHDAKFIDSLQENEFRLYYYNKFKDVASTLNKAKSIIGTTASLQYMKNVFKEKYLLSEDTSGKFSVDKLKFDKLYKMLTEIYTEDNFVNFFKVINRKTYLNFDKAVFRINIVPDENYTIKDGFNLKGANLSTNFNGQNTEINSRNFTRLKNFTGLFEFYKLLCVRGIIPFKTKSLDEGYNKALNDLCIKVNNWDLFFSPSEDNFTNDLDKVEEITADTNIEAAEENISLDLIQQYYLTFDFDNEPENISIENLSSDIIGQLEPMPNIERFPNGKKYELDKYTMFHYLRAQEFEHGDSRIILTNSAEEALLKPNVAYTFFSSKYVKKINKAVEAFMFLNWAEELVYDFTDETNEVTTMDKIADITIIVPYIGPALNIGNMLSKGEFVEAIIFTGVVAMLEFIPEYALPVFGTFAIVSYIANKVLTVQTINNALSKRNEKWDEVYKYTVTNWLAKVNTQIDLIREKMKKALENQAEATKAIINYQYNQYTEEEKNNINFNIDDLSSKLNESINSAMININKFLDQCSVSYLMNSMIPYAVKRLKDFDASVRDVLLKYIYDNRGTLVLQVDRLKDEVNNTLSADIPFQLSKYVDNKKLLSTFTEYIKNIVNTSILSIVYKKDDLIDLSRYGAKINIGDRVYYDSIDKNQIKLINLESSTIEVILKNAIVYNSMYENFSTSFWIKIPKYFSKINLNNEYTIINCIENNSGWKVSLNYGEIIWTLQDNKQNIQRVVFKYSQMVNISDYINRWIFVTITNNRLTKSKIYINGRLIDQKPISNLGNIHASNKIMFKLDGCRDPRRYIMIKYFNLFDKELNEKEIKDLYDSQSNSGILKDFWGNYLQYDKPYYMLNLFDPNKYVDVNNIGIRGYMYLKGPRGSVVTTNIYLNSTLYEGTKFIIKKYASGNEDNIVRNNDRVYINVVVKNKEYRLATNASQAGVEKILSALEIPDVGNLSQVVVMKSKDDQGIRNKCKMNLQDNNGNDIGFIGFHLYDNIAKLVASNWYNRQVGKASRTFGCSWEFIPVDDGWGESSL,4.2e-08
DC6-BoNTATd,x,EVQLQASGGGLVQAGGSVRLSCLASGRAFSGNGMAWFRQAPGKEREFVAAISRGGTGTYYQDSVKGRFTISRDNAKNTVYLQMNSLKPEDTAVYYCAVSRYSFATPKTAPDYEYWGQGTQVTVSS,x,MPFVNKQFNYKDPVNGVDIAYIKIPNAGQMQPVKAFKIHNKIWVIPERDTFTNPEEGDLNPPPEAKQVPVSYYDSTYLSTDNEKDNYLKGVTKLFERIYSTDLGRMLLTSIVRGIPFWGGSTIDTELKVIDTNCINVIQPDGSYRSEELNLVIIGPSADIIQFECKSFGHDVLNLTRNGYGSTQYIRFSPDFTFGFEESLEVDTNPLLGAGKFATDPAVTLAHELIHAEHRLYGIAINPNRVFKVNTNAYYEMSGLEVSFEELRTFGGHDAKFIDSLQENEFRLYYYNKFKDVASTLNKAKSIIGTTASLQYMKNVFKEKYLLSEDTSGKFSVDKLKFDKLYKMLTEIYTEDNFVNFFKVINRKTYLNFDKAVFRINIVPDENYTIKDGFNLKGANLSTNFNGQNTEINSRNFTRLKNFTGLFEFYKLLCVRGIIPFKTKSLDEGYNKALNDLCIKVNNWDLFFSPSEDNFTNDLDKVEEITADTNIEAAEENISLDLIQQYYLTFDFDNEPENISIENLSSDIIGQLEPMPNIERFPNGKKYELDKYTMFHYLRAQEFEHGDSRIILTNSAEEALLKPNVAYTFFSSKYVKKINKAVEAFMFLNWAEELVYDFTDETNEVTTMDKIADITIIVPYIGPALNIGNMLSKGEFVEAIIFTGVVAMLEFIPEYALPVFGTFAIVSYIANKVLTVQTINNALSKRNEKWDEVYKYTVTNWLAKVNTQIDLIREKMKKALENQAEATKAIINYQYNQYTEEEKNNINFNIDDLSSKLNESINSAMININKFLDQCSVSYLMNSMIPYAVKRLKDFDASVRDVLLKYIYDNRGTLVLQVDRLKDEVNNTLSADIPFQLSKYVDNKKLLSTFTEYIKNIVNTSILSIVYKKDDLIDLSRYGAKINIGDRVYYDSIDKNQIKLINLESSTIEVILKNAIVYNSMYENFSTSFWIKIPKYFSKINLNNEYTIINCIENNSGWKVSLNYGEIIWTLQDNKQNIQRVVFKYSQMVNISDYINRWIFVTITNNRLTKSKIYINGRLIDQKPISNLGNIHASNKIMFKLDGCRDPRRYIMIKYFNLFDKELNEKEIKDLYDSQSNSGILKDFWGNYLQYDKPYYMLNLFDPNKYVDVNNIGIRGYMYLKGPRGSVVTTNIYLNSTLYEGTKFIIKKYASGNEDNIVRNNDRVYINVVVKNKEYRLATNASQAGVEKILSALEIPDVGNLSQVVVMKSKDDQGIRNKCKMNLQDNNGNDIGFIGFHLYDNIAKLVASNWYNRQVGKASRTFGCSWEFIPVDDGWGESSL,1.1e-09
VHH-c1-PCV2,x,DVQLVESGGGLVQAGGSLRLSCTASGFTFDDYTMGWFRQAPGKEREGVSYTGWSGSMSGSTTYYTDSVKGRFTISRDNAKNTLYLQMNSLKPEDTAMYYCAAARYRGIGSQVRWTDFIYWGQGTQVTVS,x,MTYPRRRYRRRRHRPRSHLGQILRRRPWLVHPRHRYRWRRKNGIFNTRLSRTFGYTVKATTVRTPSWAVDMMRFNIDDFVPPGGGTNKISIPFEYYRIRKVKVEFWPCSPITQGDRGVGSTAVILDDNFVTKATALTYDPYVNYSSRHTIPQPFSYHSRYFTPKPVLDSTIDYFQPNNKRTQLWLRLQTSRNVDHVGLGTAFENSIYDQDYNIRVTMYVQFREFNLKDPPLKP,4.89e-08
VHH-c3-PCV2,x,DVQLVESGGGLVQAGGSLRLSCTASGFTFDDCTMGWFRQAPGKEREGVSYIGWSGSTSGSTTYYTDSVKGRFTISRDNAKNTLYLQMNSLKPEDTAMYYCAAARYRGIGSRVRWTDFIYWGQGTQVTVS,x,MTYPRRRYRRRRHRPRSHLGQILRRRPWLVHPRHRYRWRRKNGIFNTRLSRTFGYTVKATTVRTPSWAVDMMRFNIDDFVPPGGGTNKISIPFEYYRIRKVKVEFWPCSPITQGDRGVGSTAVILDDNFVTKATALTYDPYVNYSSRHTIPQPFSYHSRYFTPKPVLDSTIDYFQPNNKRTQLWLRLQTSRNVDHVGLGTAFENSIYDQDYNIRVTMYVQFREFNLKDPPLKP,1.8e-07
VHH-c4-PCV2,x,DVQLVESGGGLVQAGGSLRLSCTASGFTFDDYTMGWFRQAPGKEREGVSYIGWSGSTSGSTTYYTDSVKGRFTISRDNAKNTLYLQMNSLKPEDTAMYYCAAARYRGIGSQVRWTDFIYWGQGTLVTVS,x,MTYPRRRYRRRRHRPRSHLGQILRRRPWLVHPRHRYRWRRKNGIFNTRLSRTFGYTVKATTVRTPSWAVDMMRFNIDDFVPPGGGTNKISIPFEYYRIRKVKVEFWPCSPITQGDRGVGSTAVILDDNFVTKATALTYDPYVNYSSRHTIPQPFSYHSRYFTPKPVLDSTIDYFQPNNKRTQLWLRLQTSRNVDHVGLGTAFENSIYDQDYNIRVTMYVQFREFNLKDPPLKP,8.07e-09
psdAb-PCV2,x,DVQLVESGGGLVQAGGSLRLSCTASGFTFDDYTMGWFRQAPGKEREGVSYTGWSGSMSGSTTYYTDSVKGRFTISRDNAKNTLYLQMNSLKPEDTAMYYCAAARYRGIGSQVRWTDFIYWGQGTQVTVSS,x,MTYPRRRYRRRRHRPRSHLGQILRRRPWLVHPRHRYRWRRKNGIFNTRLSRTFGYTVKATTVRTPSWAVDMMRFNIDDFVPPGGGTNKISIPFEYYRIRKVKVEFWPCSPITQGDRGVGSTAVILDDNFVTKATALTYDPYVNYSSRHTIPQPFSYHSRYFTPKPVLDSTIDYFQPNNKRTQLWLRLQTSRNVDHVGLGTAFENSIYDQDYNIRVTMYVQFREFNLKDPPLKP,4.94e-08
Nb474-TcoALD,x,QVQLQESGGGLVQPGGSLRLSCAASGALYTYYALGWFRQAPGKEREGVSCISRINGSGGARTDYADSVKGRPTISRDNAKNTVYLQNNSLEPEDTAMYYCALDITDRDPSANGRYCTTSSDTYDWGQGTQVTVSS,x,MSRRVEVLLTQLPAYNRLKTPYEEELIETAKKMTAPGKGLLAADESTGSCSKRFAGIGLSNTAEHRRQYRALMLECAGFEQYISGVILHDETVYQRASTGETFPQLLRRRGVVPGIKTDCGLEPLVEGADGEQMTAGLDGYVKRAKKYYAVGCRFCKWRNVYKIQNGTVSEAVVRFNAETLARYAVLSQLCGLVPIVEPEVMIDGTHDIETCQRVSQHVWAEVVSALHRHGVVWEGCLLKPNMVVPGAESGQTATAEQVAEYTVKTLARVLPPALPGVTFLSGGLSEVMASEYLNAMNNSPLPRPWKLTFSYARALQSSAIKAWGGKSSGVAAGRRAFMHRAKMNSLAQLGRYNRGDDDKDSQSLYVAGNTY,7.383e-11
Nb474-TcoALD,x,QVQLQESGGGLVQPGGSLRLSCAASGALYTYYALGWFRQAPGKEREGVSCISRINGSGGARTDYADSVKGRPTISRDNAKNTVYLQNNSLEPEDTAMYYCALDITDRDPSANGRYCTTSSDTYDWGQGTQVTVSS,x,MSRRVEVLLTQLPAYNRLKTPYEEELIETAKKMTAPGKGLLAADESTGSCSKRFAGIGLSNTAEHRRQYRALMLECEGFEQYISGVILHDETVYQRASTGETFPQLLRRRGVVPGIKTDCGLEPLVEGADGEQMTAGLDGYVKRAKKYYAVGCRFCKWRNVYKIQNGTVSEAVVRFNAETLARYAVLSQLCGLVPIVEPEVMIDGTHDIETCQRVSQHVWAEVVSALHRHGVVWEGCLLKPNMVVPGAESGQTATAEQVAEYTVKTLARVLPPALPGVTFLSGGLSEVMASEYLNAMNNSPLPRPWKLTFSYARALQSSAIKAWGGKSSGVAAGRRAFMHRAKMNSLAQLGRYNRGDDDKDSQSLYVAGNTY,6.697e-11
B11-hPCSK9,x,EVQLVESGGGSVQAGGSLRLSCTVSGYTYSSNCMGWFRQAPGKEHEGVASIYIGGGSTYYADSVKGRFTISQDNAKNTVYLQMNSLKPEDTAMYYCAVGCQGLVDFGYWDQGTQVTVSS,x,MGTVSSRRSWWPLPLLLLLLLLLGPAGARAQEDEDGDYEELVLAERSEEDGLAEAPEHGTTATFHRCAKDPWRLPGTYVVLKEETHLSQSERTARRLQAQAARRGYLTKILHVFHGLIPGFLVKMSGDLLEALKLPHVDYTEEDSSVFAQSIPWNILERITPPRYRADEYQPPDGGSLVEVYLLDTSIQSDHREIEGRVMYTDENVPFEEDGTRFHRQASKCDSHGTHLAGVVSGRDAGVAKGASMRSLRVLNCQGKGTTVSGTIGLEFIRKSQLVQPVGPLVVLPLAGGYSRVLNAACQRLARAGVVLVTAGNFRDDACLYSPASAPEVITVGATNAQDQPVTLGTLGTNFGRCVDLFAPGEDIIGASSDCSTCFVSQSGTSQAAAHVAGIAAMMLSAEPELTLAELRQRLIHFSAKDVINEAWFPEDQRVLTPNLVAALPPSTHGAGWQLFCRTVWSAHSGPTRMATAIARCAPDEELISCSSFSRSGKRRGERMEAQGGKLVCRAHNAFGGEGVYAIARCCLLPQANCSVHTAPPAEASMGTRVHCHQQGHVLTGCSSHWEVEDLGTHKPPVLRPRGQPNQCVGHREASIHASCCHAPGLECKVKEHGIPAPQEQVTVACEEGWTLTGCSALPGTSHVLGAYAVDNTCVVRSRDVSTTGSTSEEAVTAVAICCRSRHLAQASQELQ,8.688e-09
H12-hPCSK9,x,GGGLVQAGGSLRLSCAASRSTFSGYAMAWFRQAPGKEREFVACIEREIPGHPAWSGLTYYADSKKGRFTISRDNAKNTVYLQMNSLKPEDTAVYYCAAGLKYPAQKHYDYDYWGQGTQVTVPS,x,MGTVSSRRSWWPLPLLLLLLLLLGPAGARAQEDEDGDYEELVLAERSEEDGLAEAPEHGTTATFHRCAKDPWRLPGTYVVLKEETHLSQSERTARRLQAQAARRGYLTKILHVFHGLIPGFLVKMSGDLLEALKLPHVDYTEEDSSVFAQSIPWNILERITPPRYRADEYQPPDGGSLVEVYLLDTSIQSDHREIEGRVMYTDENVPFEEDGTRFHRQASKCDSHGTHLAGVVSGRDAGVAKGASMRSLRVLNCQGKGTTVSGTIGLEFIRKSQLVQPVGPLVVLPLAGGYSRVLNAACQRLARAGVVLVTAGNFRDDACLYSPASAPEVITVGATNAQDQPVTLGTLGTNFGRCVDLFAPGEDIIGASSDCSTCFVSQSGTSQAAAHVAGIAAMMLSAEPELTLAELRQRLIHFSAKDVINEAWFPEDQRVLTPNLVAALPPSTHGAGWQLFCRTVWSAHSGPTRMATAIARCAPDEELISCSSFSRSGKRRGERMEAQGGKLVCRAHNAFGGEGVYAIARCCLLPQANCSVHTAPPAEASMGTRVHCHQQGHVLTGCSSHWEVEDLGTHKPPVLRPRGQPNQCVGHREASIHASCCHAPGLECKVKEHGIPAPQEQVTVACEEGWTLTGCSALPGTSHVLGAYAVDNTCVVRSRDVSTTGSTSEEAVTAVAICCRSRHLAQASQELQ,7.037e-07
A6-hPCSK9,x,PGAAAGVGGGSVQAGGSLRLSCAASRYTDRTRCIAWFRQVPGKEREGVACLDRAGGQSAYADSAKGRFTVSQDNAGNTVYLQMDNLIPEDSAMYYCAAAGVGQWYTCLQKFIRDKRSFANWGQGTQVTVSS,x,MGTVSSRRSWWPLPLLLLLLLLLGPAGARAQEDEDGDYEELVLAERSEEDGLAEAPEHGTTATFHRCAKDPWRLPGTYVVLKEETHLSQSERTARRLQAQAARRGYLTKILHVFHGLIPGFLVKMSGDLLEALKLPHVDYTEEDSSVFAQSIPWNILERITPPRYRADEYQPPDGGSLVEVYLLDTSIQSDHREIEGRVMYTDENVPFEEDGTRFHRQASKCDSHGTHLAGVVSGRDAGVAKGASMRSLRVLNCQGKGTTVSGTIGLEFIRKSQLVQPVGPLVVLPLAGGYSRVLNAACQRLARAGVVLVTAGNFRDDACLYSPASAPEVITVGATNAQDQPVTLGTLGTNFGRCVDLFAPGEDIIGASSDCSTCFVSQSGTSQAAAHVAGIAAMMLSAEPELTLAELRQRLIHFSAKDVINEAWFPEDQRVLTPNLVAALPPSTHGAGWQLFCRTVWSAHSGPTRMATAIARCAPDEELISCSSFSRSGKRRGERMEAQGGKLVCRAHNAFGGEGVYAIARCCLLPQANCSVHTAPPAEASMGTRVHCHQQGHVLTGCSSHWEVEDLGTHKPPVLRPRGQPNQCVGHREASIHASCCHAPGLECKVKEHGIPAPQEQVTVACEEGWTLTGCSALPGTSHVLGAYAVDNTCVVRSRDVSTTGSTSEEAVTAVAICCRSRHLAQASQELQ,2.9e-08
G8-hPCSK9,x,DVQLVESGGGSVQAGGSLTLSCVVSGYRGQKICTGWFRQFPGMEREAVARILPRGPNTQYTDSVKGRFTISQDAAKNTVNLQMSSLKPKDTAMYYCAQGWGGASDWALQPRRYNYWGQGTQVTVSS,x,MGTVSSRRSWWPLPLLLLLLLLLGPAGARAQEDEDGDYEELVLAERSEEDGLAEAPEHGTTATFHRCAKDPWRLPGTYVVLKEETHLSQSERTARRLQAQAARRGYLTKILHVFHGLIPGFLVKMSGDLLEALKLPHVDYTEEDSSVFAQSIPWNILERITPPRYRADEYQPPDGGSLVEVYLLDTSIQSDHREIEGRVMYTDENVPFEEDGTRFHRQASKCDSHGTHLAGVVSGRDAGVAKGASMRSLRVLNCQGKGTTVSGTIGLEFIRKSQLVQPVGPLVVLPLAGGYSRVLNAACQRLARAGVVLVTAGNFRDDACLYSPASAPEVITVGATNAQDQPVTLGTLGTNFGRCVDLFAPGEDIIGASSDCSTCFVSQSGTSQAAAHVAGIAAMMLSAEPELTLAELRQRLIHFSAKDVINEAWFPEDQRVLTPNLVAALPPSTHGAGWQLFCRTVWSAHSGPTRMATAIARCAPDEELISCSSFSRSGKRRGERMEAQGGKLVCRAHNAFGGEGVYAIARCCLLPQANCSVHTAPPAEASMGTRVHCHQQGHVLTGCSSHWEVEDLGTHKPPVLRPRGQPNQCVGHREASIHASCCHAPGLECKVKEHGIPAPQEQVTVACEEGWTLTGCSALPGTSHVLGAYAVDNTCVVRSRDVSTTGSTSEEAVTAVAICCRSRHLAQASQELQ,7.3e-08
A2-VP40,x,EVQLQASGGGLVQAGGSMRLSCAASGMTFSIGDMGWYRQAPGKQRESVATISRRGSTNYADSYQGRFTISRDNTKDTIDLQMISLKPEDTAVYYCTAITHPPFDLNYWGQGTQVTVSS,x,MRRVILPTAPPEYMEAIYPVRSNSTIARGGNSNTGFLTPESVNGDTPSNPLRPIADDTIDHASHTPGSVSSAFILEAMVNVISGPKVLMKQIPIWLPLGVADQKTYSFDSTTAAIMLASYTITHFGKATNPLVRVNRLGPGIPDHPLRLLRIGNQAFLQEFVLPPVQLPQYFTFDLTALKLITQPLPAATWTDDTPTGSNGALRPGISFHPKLRPILLPNKSGKKGNSADLTSPEKIQAIMTSLQDFKIVPIDPTKNIMGIEVPETLVHKLTGKKVTSKNGQPIIPVLLPKYIGLDPVAPGDLTMVITQDCDTCHSPASLPAVIEK,9.1e-10
B4-VP40,x,EVQLQASGGGLVQAGGSLRLSCAASGMTFSIGDMGWYRQAPGKQRESVATISRRGSTNYAGSYQGRFTISRDNTRDTIDLQMISLKPEDTAVYYCTAITHPPFELNYWGQGTQVTVSS,x,MRRVILPTAPPEYMEAIYPVRSNSTIARGGNSNTGFLTPESVNGDTPSNPLRPIADDTIDHASHTPGSVSSAFILEAMVNVISGPKVLMKQIPIWLPLGVADQKTYSFDSTTAAIMLASYTITHFGKATNPLVRVNRLGPGIPDHPLRLLRIGNQAFLQEFVLPPVQLPQYFTFDLTALKLITQPLPAATWTDDTPTGSNGALRPGISFHPKLRPILLPNKSGKKGNSADLTSPEKIQAIMTSLQDFKIVPIDPTKNIMGIEVPETLVHKLTGKKVTSKNGQPIIPVLLPKYIGLDPVAPGDLTMVITQDCDTCHSPASLPAVIEK,9e-10
C9-VP40,x,DVQLQASGGGLVQAGGSLRLSCAASGMTFSIGDMGWYRQASGKQRESVATISRRGSTYYADSYQGRFTISRDNTKDTIDLQMISLKPEDTAVYYCTAITHPPFELNYWGQGTQVTVSS,x,MRRVILPTAPPEYMEAIYPVRSNSTIARGGNSNTGFLTPESVNGDTPSNPLRPIADDTIDHASHTPGSVSSAFILEAMVNVISGPKVLMKQIPIWLPLGVADQKTYSFDSTTAAIMLASYTITHFGKATNPLVRVNRLGPGIPDHPLRLLRIGNQAFLQEFVLPPVQLPQYFTFDLTALKLITQPLPAATWTDDTPTGSNGALRPGISFHPKLRPILLPNKSGKKGNSADLTSPEKIQAIMTSLQDFKIVPIDPTKNIMGIEVPETLVHKLTGKKVTSKNGQPIIPVLLPKYIGLDPVAPGDLTMVITQDCDTCHSPASLPAVIEK,1.5e-09
H1-VP40,x,DVQLQASGGGLVQAGGSLRLSCAASGMTFSIGDMGWYRQAPGKQRESVATISRRGSTNYADSYQGRFTISRDNTKDTIDLQMISLKPEDTAVYYCTAITHPPFELNYWGQGTQVTVSS,x,MRRVILPTAPPEYMEAIYPVRSNSTIARGGNSNTGFLTPESVNGDTPSNPLRPIADDTIDHASHTPGSVSSAFILEAMVNVISGPKVLMKQIPIWLPLGVADQKTYSFDSTTAAIMLASYTITHFGKATNPLVRVNRLGPGIPDHPLRLLRIGNQAFLQEFVLPPVQLPQYFTFDLTALKLITQPLPAATWTDDTPTGSNGALRPGISFHPKLRPILLPNKSGKKGNSADLTSPEKIQAIMTSLQDFKIVPIDPTKNIMGIEVPETLVHKLTGKKVTSKNGQPIIPVLLPKYIGLDPVAPGDLTMVITQDCDTCHSPASLPAVIEK,3.50e-09
CP-B1-MS2,x,DVQLQASGGGVVQAGGSRRLSCAASGFPFSTTGVGWHRQAPGKQREWVAVIMGAGTTLDDSIGGGTTVYADSMKGRLTISRDNDKNTVYLQMNGLKPEDTAIYYCAVTLRGQTYWGQGTQVTVSS,x,MASNFTQFVLVDNGGTGDVTVAPSNFANGVAEWISSNSRSQAYKVTCSVRQSSAQNRKYTIKVEVPKVATQTVGGVELPVAAWRSYLNMELTIPIFATNSDCELIVKAMQGLLKDGNPIPSAIAANSGIY,5e-09
M28C-CD20-Hoc,x,DVQLQASGGGLVQAGGSLRLSCAASGSTFSIKHHGWYRRAPGNQREWVAGINSENITNVAGAVKGRFTISRDNAKNTVYLQMNSLKVEDTAVYFCYAQDNDYRFLHRFWGQGTQVTVSLEPKTPKPQ,x,MGKISHFLKMESLNFIRAHTPYINIYNCEPANPSEKNSPSTQYCYSIQLEMTFTVDITPKTPTGVIDETKQFTATPSGQTGGGTITYAWSVDNVPQDGAEATFSYVLKGPAGQKTIKVVATNTLSEGGPETAEATTTITVKNKTQTTTLAVTPASPAAGVIGTPVQFTAALASQPDGASATYQWYVDDSQVGGETNSTFSYTPTTSGVKRIKCVAQVTATDYDALSVTSNEVSLTVNKKTMNPQVTLTPPSINVQQDASATFTANVTGAPEEAQITYSWKKDSSPVEGSTNVYTVDTSSVGSQTIEVTATVTAADYNPVTVTKTGNVTVTAKVAPEPEGELPYVHPLPHRSSAYIWCGWWVMDEIQKMTEEGKDWKTDDPDSKYYLHRYTLQKMMKDYPEVDVQESRNGYIIHKTALETGIIYTYPAAALEHHHHHH,1.5e-08
M24E-CD20-Hoc,x,DVQLQASGGGLVQAGGSLRLSCAASGSTFSIKHHGWYRRAPGNQREWVAGISSENITNVAEAVKGRFTISRDNAKNTVYLQMNSLKVEDTAVYFCYAQDNDYRFLHRFWGQGTQVTVSLEPKTPKPQ,x,MGKISHFLKMESLNFIRAHTPYINIYNCEPANPSEKNSPSTQYCYSIQLEMTFTVDITPKTPTGVIDETKQFTATPSGQTGGGTITYAWSVDNVPQDGAEATFSYVLKGPAGQKTIKVVATNTLSEGGPETAEATTTITVKNKTQTTTLAVTPASPAAGVIGTPVQFTAALASQPDGASATYQWYVDDSQVGGETNSTFSYTPTTSGVKRIKCVAQVTATDYDALSVTSNEVSLTVNKKTMNPQVTLTPPSINVQQDASATFTANVTGAPEEAQITYSWKKDSSPVEGSTNVYTVDTSSVGSQTIEVTATVTAADYNPVTVTKTGNVTVTAKVAPEPEGELPYVHPLPHRSSAYIWCGWWVMDEIQKMTEEGKDWKTDDPDSKYYLHRYTLQKMMKDYPEVDVQESRNGYIIHKTALETGIIYTYPAAALEHHHHHH,5.7e-09
M112D-CD20-Hoc,x,DVQLQASGGGLVQAEGSLRLSCAASGSTFGIKHHGWYRRAPGNQREWVAGISSENITNVAEAVKGRFTISRDNAKNTVYLQMNSLKVEDTAVYFCYAQDNNYRFLHRFWGQGTQVTVSLEPKTPKPQ,x,MGKISHFLKMESLNFIRAHTPYINIYNCEPANPSEKNSPSTQYCYSIQLEMTFTVDITPKTPTGVIDETKQFTATPSGQTGGGTITYAWSVDNVPQDGAEATFSYVLKGPAGQKTIKVVATNTLSEGGPETAEATTTITVKNKTQTTTLAVTPASPAAGVIGTPVQFTAALASQPDGASATYQWYVDDSQVGGETNSTFSYTPTTSGVKRIKCVAQVTATDYDALSVTSNEVSLTVNKKTMNPQVTLTPPSINVQQDASATFTANVTGAPEEAQITYSWKKDSSPVEGSTNVYTVDTSSVGSQTIEVTATVTAADYNPVTVTKTGNVTVTAKVAPEPEGELPYVHPLPHRSSAYIWCGWWVMDEIQKMTEEGKDWKTDDPDSKYYLHRYTLQKMMKDYPEVDVQESRNGYIIHKTALETGIIYTYPAAALEHHHHHH,2.6e-08
M110C-CD20-Hoc,x,DVQLQASGGGLVQPGGSLRLSCVTSESIFRLSTLEWYRQAPGNQRKVVAQITSGGSTHHADSVKGRFTISRDDAKNTVYLQMNNLKPEDTAVYVCSAYVNLTRYWGQGTQVTVSSEPKTPKPQ,x,MGKISHFLKMESLNFIRAHTPYINIYNCEPANPSEKNSPSTQYCYSIQLEMTFTVDITPKTPTGVIDETKQFTATPSGQTGGGTITYAWSVDNVPQDGAEATFSYVLKGPAGQKTIKVVATNTLSEGGPETAEATTTITVKNKTQTTTLAVTPASPAAGVIGTPVQFTAALASQPDGASATYQWYVDDSQVGGETNSTFSYTPTTSGVKRIKCVAQVTATDYDALSVTSNEVSLTVNKKTMNPQVTLTPPSINVQQDASATFTANVTGAPEEAQITYSWKKDSSPVEGSTNVYTVDTSSVGSQTIEVTATVTAADYNPVTVTKTGNVTVTAKVAPEPEGELPYVHPLPHRSSAYIWCGWWVMDEIQKMTEEGKDWKTDDPDSKYYLHRYTLQKMMKDYPEVDVQESRNGYIIHKTALETGIIYTYPAAALEHHHHHH,1.40e-08
M27G-CD20-Hoc,x,DVQLQASGGGLVQPGGSLRLSCAASGNIFSINTMAWYRQAPGKQRELVAQITSGGSTYVANSVKGRFTVSRDNTKNTVYLQIDSLNPEDTAVYYCQMPKYDNWGQGTQVTVSSEPKTPKPQ,x,MGKISHFLKMESLNFIRAHTPYINIYNCEPANPSEKNSPSTQYCYSIQLEMTFTVDITPKTPTGVIDETKQFTATPSGQTGGGTITYAWSVDNVPQDGAEATFSYVLKGPAGQKTIKVVATNTLSEGGPETAEATTTITVKNKTQTTTLAVTPASPAAGVIGTPVQFTAALASQPDGASATYQWYVDDSQVGGETNSTFSYTPTTSGVKRIKCVAQVTATDYDALSVTSNEVSLTVNKKTMNPQVTLTPPSINVQQDASATFTANVTGAPEEAQITYSWKKDSSPVEGSTNVYTVDTSSVGSQTIEVTATVTAADYNPVTVTKTGNVTVTAKVAPEPEGELPYVHPLPHRSSAYIWCGWWVMDEIQKMTEEGKDWKTDDPDSKYYLHRYTLQKMMKDYPEVDVQESRNGYIIHKTALETGIIYTYPAAALEHHHHHH,5.8e-08
M28C-Hoc,x,DVQLQASGGGLVQAGGSLRLSCAASGSTFSIKHHGWYRRAPGNQREWVAGINSENITNVAGAVKGRFTISRDNAKNTVYLQMNSLKVEDTAVYFCYAQDNDYRFLHRFWGQGTQVTVSLEPKTPKPQ,x,MTFTVDITPKTPTGVIDETKQFTATPSGQTGGGTITYAWSVDNVPQDGAEATFSYVLKGPAGQKTIKVVATNTLSEGGPETAEATTTITVKNKTQTTTLAVTPASPAAGVIGTPVQFTAALASQPDGASATYQWYVDDSQVGGETNSTFSYTPTTSGVKRIKCVAQVTATDYDALSVTSNEVSLTVNKKTMNPQVTLTPPSINVQQDASATFTANVTGAPEEAQITYSWKKDSSPVEGSTNVYTVDTSSVGSQTIEVTATVTAADYNPVTVTKTGNVTVTAKVAPEPEGELPYVHPLPHRSSAYIWCGWWVMDEIQKMTEEGKDWKTDDPDSKYYLHRYTLQKMMKDYPEVDVQESRNGYIIHKTALETGIIYTYP,5.3e-06
M24E-Hoc,x,DVQLQASGGGLVQAGGSLRLSCAASGSTFSIKHHGWYRRAPGNQREWVAGISSENITNVAEAVKGRFTISRDNAKNTVYLQMNSLKVEDTAVYFCYAQDNDYRFLHRFWGQGTQVTVSLEPKTPKPQ,x,MTFTVDITPKTPTGVIDETKQFTATPSGQTGGGTITYAWSVDNVPQDGAEATFSYVLKGPAGQKTIKVVATNTLSEGGPETAEATTTITVKNKTQTTTLAVTPASPAAGVIGTPVQFTAALASQPDGASATYQWYVDDSQVGGETNSTFSYTPTTSGVKRIKCVAQVTATDYDALSVTSNEVSLTVNKKTMNPQVTLTPPSINVQQDASATFTANVTGAPEEAQITYSWKKDSSPVEGSTNVYTVDTSSVGSQTIEVTATVTAADYNPVTVTKTGNVTVTAKVAPEPEGELPYVHPLPHRSSAYIWCGWWVMDEIQKMTEEGKDWKTDDPDSKYYLHRYTLQKMMKDYPEVDVQESRNGYIIHKTALETGIIYTYP,2.3e-07
M112D-Hoc,x,DVQLQASGGGLVQAEGSLRLSCAASGSTFGIKHHGWYRRAPGNQREWVAGISSENITNVAEAVKGRFTISRDNAKNTVYLQMNSLKVEDTAVYFCYAQDNNYRFLHRFWGQGTQVTVSLEPKTPKPQ,x,MTFTVDITPKTPTGVIDETKQFTATPSGQTGGGTITYAWSVDNVPQDGAEATFSYVLKGPAGQKTIKVVATNTLSEGGPETAEATTTITVKNKTQTTTLAVTPASPAAGVIGTPVQFTAALASQPDGASATYQWYVDDSQVGGETNSTFSYTPTTSGVKRIKCVAQVTATDYDALSVTSNEVSLTVNKKTMNPQVTLTPPSINVQQDASATFTANVTGAPEEAQITYSWKKDSSPVEGSTNVYTVDTSSVGSQTIEVTATVTAADYNPVTVTKTGNVTVTAKVAPEPEGELPYVHPLPHRSSAYIWCGWWVMDEIQKMTEEGKDWKTDDPDSKYYLHRYTLQKMMKDYPEVDVQESRNGYIIHKTALETGIIYTYP,2.1e-06
M110C-Hoc,x,DVQLQASGGGLVQPGGSLRLSCVTSESIFRLSTLEWYRQAPGNQRKVVAQITSGGSTHHADSVKGRFTISRDDAKNTVYLQMNNLKPEDTAVYVCSAYVNLTRYWGQGTQVTVSSEPKTPKPQ,x,MTFTVDITPKTPTGVIDETKQFTATPSGQTGGGTITYAWSVDNVPQDGAEATFSYVLKGPAGQKTIKVVATNTLSEGGPETAEATTTITVKNKTQTTTLAVTPASPAAGVIGTPVQFTAALASQPDGASATYQWYVDDSQVGGETNSTFSYTPTTSGVKRIKCVAQVTATDYDALSVTSNEVSLTVNKKTMNPQVTLTPPSINVQQDASATFTANVTGAPEEAQITYSWKKDSSPVEGSTNVYTVDTSSVGSQTIEVTATVTAADYNPVTVTKTGNVTVTAKVAPEPEGELPYVHPLPHRSSAYIWCGWWVMDEIQKMTEEGKDWKTDDPDSKYYLHRYTLQKMMKDYPEVDVQESRNGYIIHKTALETGIIYTYP,1.7e-07
M27G-Hoc,x,DVQLQASGGGLVQPGGSLRLSCAASGNIFSINTMAWYRQAPGKQRELVAQITSGGSTYVANSVKGRFTVSRDNTKNTVYLQIDSLNPEDTAVYYCQMPKYDNWGQGTQVTVSSEPKTPKPQ,x,MTFTVDITPKTPTGVIDETKQFTATPSGQTGGGTITYAWSVDNVPQDGAEATFSYVLKGPAGQKTIKVVATNTLSEGGPETAEATTTITVKNKTQTTTLAVTPASPAAGVIGTPVQFTAALASQPDGASATYQWYVDDSQVGGETNSTFSYTPTTSGVKRIKCVAQVTATDYDALSVTSNEVSLTVNKKTMNPQVTLTPPSINVQQDASATFTANVTGAPEEAQITYSWKKDSSPVEGSTNVYTVDTSSVGSQTIEVTATVTAADYNPVTVTKTGNVTVTAKVAPEPEGELPYVHPLPHRSSAYIWCGWWVMDEIQKMTEEGKDWKTDDPDSKYYLHRYTLQKMMKDYPEVDVQESRNGYIIHKTALETGIIYTYP,0.00044

